market,code,name,signal,entry_price,close,high,n_high,n_high_ratio,atr,low,n_low,last_close
US,MMM,MMM,청산,,174.34,179.84,180.8,0.9947,3.2607,173.57,176.91,
US,AOS,AOS,청산,,60.38,62.99,64.09,0.9828,1.764,59.5,61.39,
US,ABT,ABT,청산,,112.47,112.75,117.34,0.9609,2.307,111.11,111.29,
US,ABBV,ABBV,청산,,255.48,259.0,266.91,0.9704,5.521,255.08,257.25,
US,ACN,ACN,관심,,189.61,191.9,189.93,1.0104,7.144,188.67,180.79,
US,AMD,AMD,청산,,465.58,478.75,491.12,0.9748,18.919,465.29,469.07,
US,AES,AES,청산,,14.73,14.75,14.78,0.998,0.047,14.71,14.71,
US,AFL,AFL,관심,,116.52,117.59,118.44,0.9928,1.9974,116.19,116.04,
US,APD,APD,관심,,308.09,308.37,308.83,0.9985,6.048,305.19,302.37,
US,AKAM,AKAM,관심,,107.47,112.4,112.51,0.999,4.724,106.88,104.07,
US,ARE,ARE,청산,,51.57,52.81,54.71,0.9653,2.133,51.54,51.98,
US,ALGN,ALGN,청산,,157.58,159.97,162.8,0.9826,5.685,157.21,157.27,
US,ALLE,ALLE,청산,,157.48,160.9,166.02,0.9692,3.662,156.37,157.4,
US,LNT,LNT,청산,,68.03,68.73,70.51,0.9748,1.14,67.73,67.9,
US,ALL,ALL,관심,,260.58,261.24,262.19,0.9964,5.269,256.93,256.23,
US,GOOGL,GOOGL,관심,,346.59,349.14,351.6,0.993,6.082,340.27,338.52,
US,GOOG,GOOG,관심,,342.88,345.43,348.08,0.9924,5.8065,337.28,335.4,
US,MO,MO,관심,,68.65,68.75,69.29,0.9922,1.504,67.7,67.41,
US,AEE,AEE,청산,,106.12,107.42,109.67,0.9795,1.692,105.84,106.0,
US,AIG,AIG,관심,,76.93,77.45,77.8,0.9955,1.265,76.46,75.51,
US,AMP,AMP,관심,,559.32,561.21,563.51,0.9959,11.157,554.95,550.0,
US,AME,AME,청산,,236.25,244.45,247.4,0.9881,5.472,236.03,241.36,
US,AMGN,AMGN,청산,,432.42,437.89,447.03,0.9796,9.635,430.72,431.01,
US,ADI,ADI,청산,,361.78,374.14,378.64,0.9881,11.65,359.54,367.29,
US,AON,AON,관심,,355.4,358.71,361.73,0.9917,7.476,349.76,348.03,
US,APO,APO,관심,,135.04,136.66,135.63,1.0076,3.5329,133.24,130.79,
US,AMAT,AMAT,청산,,461.67,477.97,503.5,0.9493,20.7848,460.51,471.0,
US,APP,APP,진입,,317.76,335.45,316.8,1.0589,12.377,315.92,299.865,
US,APTV,APTV,청산,,45.75,46.09,49.28,0.9353,1.436,44.88,45.29,
US,ACGL,ACGL,청산,,98.84,99.83,101.58,0.9828,1.798,98.08,98.42,
US,ARES,ARES,관심,,142.53,144.09,145.53,0.9901,3.8385,141.835,137.12,
US,AIZ,AIZ,관심,,285.65,288.22,289.25,0.9964,5.212,284.68,282.82,
US,T,T,관심,,26.01,26.03,26.02,1.0004,0.469,25.51,25.28,
US,ATO,ATO,청산,,166.65,168.35,171.0884,0.984,2.6769,166.38,166.41,
US,AVY,AVY,청산,,177.75,181.24,185.77,0.9756,4.744,176.6,178.26,
US,BALL,BALL,관심,,63.77,64.34,64.92,0.9911,1.162,63.31,63.07,
US,BAC,BAC,관심,,62.32,62.56,62.76,0.9968,1.134,61.36,61.1,
US,BAX,BAX,청산,,26.13,26.31,26.7497,0.9836,0.6648,25.79,25.81,
US,BRK-B,BRK-B,관심,,505.0,506.58,506.7,0.9998,5.555,502.94,499.22,
US,TECH,TECH,관심,,72.35,72.48,72.5,0.9997,0.2068,72.32,72.28,
US,BIIB,BIIB,청산,,218.5,222.0,222.85,0.9962,5.206,216.78,217.53,
US,BLK,BLK,청산,,1164.48,1183.39,1187.17,0.9968,21.024,1158.3199,1161.9,
US,BX,BX,관심,,142.39,145.77,145.62,1.001,3.54,142.31,141.45,
US,BNY,BNY,관심,,162.5,163.46,164.13,0.9959,3.073,161.69,161.05,
US,BA,BA,청산,,209.82,210.61,216.46,0.973,4.235,207.55,209.11,
US,BSX,BSX,청산,,46.84,47.22,50.9,0.9277,1.789,46.5,46.61,
US,BMY,BMY,청산,,66.58,66.84,68.05,0.9822,1.57,66.19,66.2,
US,AVGO,AVGO,관심,,368.79,376.59,375.13,1.0039,11.603,365.35,350.06,
US,BLDR,BLDR,청산,,67.72,69.41,72.72,0.9545,2.964,66.17,66.61,
US,BXP,BXP,청산,,69.32,70.72,72.25,0.9788,1.72,69.29,69.51,
US,CHRW,CHRW,관심,,150.39,152.94,153.25,0.998,4.219,149.63,142.46,
US,CDNS,CDNS,관심,,340.39,347.43,347.72,0.9992,10.352,338.1,317.18,
US,CCL,CCL,청산,,24.76,25.48,26.46,0.963,0.791,24.69,24.91,
US,CARR,CARR,청산,,58.79,59.15,61.24,0.9659,1.4348,57.6,57.995,
US,CVNA,CVNA,관심,,74.04,76.23,76.8,0.9926,3.9064,73.78,72.2,
US,CASY,CASY,청산,,755.47,762.96,860.0,0.8872,28.639,740.0,762.04,
US,CAT,CAT,청산,,800.25,821.23,834.45,0.9842,27.321,799.17,804.75,
US,CBOE,CBOE,관심,,310.45,316.82,317.74,0.9971,10.396,307.41,302.5,
US,CDW,CDW,관심,,147.69,154.15,149.8,1.029,6.9222,147.02,130.56,
US,COR,COR,청산,,322.03,323.74,331.0,0.9781,6.684,320.39,320.47,
US,CNC,CNC,청산,,64.75,65.74,67.68,0.9713,1.731,64.28,64.6,
US,CRL,CRL,청산,,291.5,294.89,303.31,0.9722,10.052,289.6,290.01,
US,CMG,CMG,관심,,38.03,38.26,38.24,1.0005,1.238,37.53,36.5,
US,CHD,CHD,관심,,101.26,102.69,103.23,0.9948,2.29,101.08,101.01,
US,CIEN,CIEN,청산,,378.44,400.5,418.72,0.9565,25.939,376.64,378.94,
US,CINF,CINF,관심,,171.97,173.99,173.18,1.0047,2.728,171.26,169.39,
US,CTAS,CTAS,관심,,204.18,205.81,207.51,0.9918,3.316,204.0,202.79,
US,CSCO,CSCO,청산,,109.93,112.5,112.95,0.996,2.218,109.71,110.61,
US,C,C,관심,,132.9,133.63,133.96,0.9975,2.549,132.32,131.5,
US,CFG,CFG,관심,,69.71,71.0,70.931,1.001,1.3983,69.67,69.325,
US,CLX,CLX,청산,,102.53,104.85,109.42,0.9582,2.689,102.25,102.37,
US,CMS,CMS,청산,,68.21,68.93,70.09,0.9834,1.078,67.94,68.22,
US,CTSH,CTSH,관심,,64.04,65.38,64.24,1.0177,2.2047,63.91,61.02,
US,COHR,COHR,청산,,279.2,291.27,307.49,0.9473,23.201,278.05,281.32,
US,CL,CL,관심,,90.75,91.66,92.55,0.9904,1.689,90.5,90.48,
US,CMCSA,CMCSA,관심,,27.06,27.12,27.35,0.9916,0.619,26.53,26.37,
US,FIX,FIX,청산,,1518.73,1611.01,1711.3,0.9414,92.854,1515.3,1553.52,
US,ED,ED,관심,,107.49,107.72,108.41,0.9936,1.6735,106.76,106.12,
US,STZ,STZ,청산,,130.69,132.92,138.9,0.9569,3.465,130.53,131.36,
US,CEG,CEG,관심,,276.75,284.19,285.26,0.9962,8.2612,275.99,272.65,
US,COO,COO,청산,,71.17,71.5,76.6,0.9334,1.455,70.66,70.7,
US,CPAY,CPAY,청산,,407.88,409.26,420.46,0.9734,8.715,401.52,402.76,
US,CTVA,CTVA,관심,,83.9,84.13,84.6,0.9944,2.258,82.06,81.33,
US,CRWD,CRWD,관심,,218.4,228.69,229.08,0.9983,13.4685,210.53,181.24,
US,CCI,CCI,관심,,76.14,76.58,77.0,0.9945,1.604,75.0,74.78,
US,CSX,CSX,청산,,51.28,51.95,52.15,0.9962,0.917,50.98,51.12,
US,CMI,CMI,청산,,564.85,580.24,602.03,0.9638,16.6744,561.47,566.49,
US,CVS,CVS,관심,,93.06,93.93,94.86,0.9902,1.801,93.01,92.71,
US,DVA,DVA,관심,,180.68,182.53,182.26,1.0015,4.171,178.8,173.37,
US,DE,DE,청산,,630.33,632.02,660.7,0.9566,23.045,617.21,617.81,
US,DELL,DELL,관심,,456.24,474.74,472.5,1.0047,23.761,452.9,441.7,
US,DAL,DAL,청산,,80.07,82.31,84.99,0.9685,2.304,79.89,80.95,
US,DLR,DLR,청산,,185.47,192.99,196.84,0.9804,5.32,184.3,189.32,
US,D,D,청산,,65.55,66.95,67.77,0.9879,1.019,65.22,65.85,
US,DPZ,DPZ,관심,,350.0,353.0,353.93,0.9974,11.73,336.5,331.05,
US,DASH,DASH,관심,,236.74,238.828,238.52,1.0013,7.6856,232.71,227.0,
US,DOV,DOV,청산,,198.68,202.68,206.59,0.9811,4.001,197.41,200.72,
US,DTE,DTE,청산,,135.86,137.23,138.48,0.991,2.09,135.3,135.34,
US,DUK,DUK,청산,,120.25,121.59,123.04,0.9882,1.834,119.72,120.1,
US,DD,DD,관심,,136.98,141.0,141.0,1.0,3.06,135.83,135.07,
US,ETN,ETN,청산,,402.78,419.03,427.96,0.9791,14.065,402.31,407.47,
US,EBAY,EBAY,관심,,105.62,106.02,107.0445,0.9904,2.8715,102.71,100.6939,
US,ECHO,ECHO,관심,,86.84,87.65,88.0,0.996,2.697,84.81,84.26,
US,EIX,EIX,청산,,70.17,75.3,75.19,1.0015,2.893,68.94,72.65,
US,EW,EW,청산,,90.21,90.41,92.12,0.9814,1.651,89.55,89.68,
US,ELV,ELV,청산,,394.43,403.16,410.29,0.9826,8.889,394.4,395.22,
US,EMR,EMR,청산,,155.18,158.64,159.82,0.9926,3.352,154.42,154.6,
US,ETR,ETR,청산,,105.75,107.88,108.3,0.9961,2.079,105.31,105.54,
US,EFX,EFX,관심,,194.35,197.9,196.45,1.0074,6.142,191.13,189.42,
US,ESS,ESS,청산,,284.03,284.94,294.72,0.9668,4.994,279.92,280.7,
US,EL,EL,청산,,103.39,107.43,108.38,0.9912,4.6,102.59,102.95,
US,EG,EG,관심,,377.61,381.99,380.85,1.003,7.426,376.42,370.0,
US,EVRG,EVRG,청산,,80.65,82.02,83.51,0.9822,1.311,80.48,81.0,
US,EXE,EXE,관심,,98.16,99.43,98.325,1.0112,2.3827,97.615,94.57,
US,EXPD,EXPD,관심,,190.97,192.28,191.79,1.0026,3.513,189.37,186.75,
US,XOM,XOM,청산,,156.71,157.42,168.0,0.937,3.254,155.32,156.14,
US,FDS,FDS,관심,,308.98,309.79,309.39,1.0013,10.888,302.98,290.31,
US,FICO,FICO,관심,,1153.5699,1177.0,1188.8,0.9901,42.164,1150.0,1104.3101,
US,FAST,FAST,청산,,49.78,51.52,52.15,0.9879,0.972,49.73,50.22,
US,FRT,FRT,청산,,116.75,117.89,118.33,0.9963,1.377,116.55,116.59,
US,FDX,FDX,청산,,330.88,334.08,340.83,0.9802,7.821,328.83,328.87,
US,FERG,FERG,청산,,228.49,234.68,243.68,0.9631,6.0336,227.92,231.23,
US,FITB,FITB,청산,,54.54,55.46,55.74,0.995,1.094,54.17,54.27,
US,FSLR,FSLR,청산,,204.46,211.15,221.4,0.9537,7.594,202.1,204.21,
US,FE,FE,청산,,45.88,46.64,47.35,0.985,0.797,45.72,46.03,
US,FISV,FISV,관심,,53.18,53.78,53.48,1.0056,1.377,52.3,51.66,
US,FTNT,FTNT,관심,,166.0,173.0,173.89,0.9949,6.789,162.68,149.5,
US,FTV,FTV,청산,,59.69,60.635,60.8,0.9973,1.141,59.19,59.42,
US,BEN,BEN,관심,,34.65,35.2,35.39,0.9946,0.659,34.63,34.54,
US,FCX,FCX,청산,,76.45,78.73,80.24,0.9812,3.09,75.9,76.8,
US,GRMN,GRMN,청산,,285.19,291.5,298.42,0.9768,6.998,284.8,285.65,
US,GEHC,GEHC,청산,,71.725,73.0,75.24,0.9702,1.473,71.57,72.08,
US,GEV,GEV,청산,,911.93,948.59,979.0,0.9689,43.7911,911.33,922.0,
US,GNRC,GNRC,청산,,183.8,199.0,212.14,0.9381,9.447,183.6,190.56,
US,GM,GM,관심,,86.27,88.27,88.36,0.999,2.087,85.64,84.92,
US,GILD,GILD,청산,,145.68,149.47,149.62,0.999,3.816,144.88,145.58,
US,GPN,GPN,청산,,91.82,93.67,95.88,0.977,2.257,91.55,91.69,
US,GL,GL,관심,,172.79,177.0,176.05,1.0054,3.74,172.7,171.31,
US,GS,GS,청산,,1033.99,1048.84,1063.52,0.9862,24.351,1031.58,1035.0,
US,HCA,HCA,청산,,417.82,426.37,436.5,0.9768,11.051,416.52,417.92,
US,DOC,DOC,청산,,20.96,21.37,21.8,0.9803,0.3798,20.94,21.21,
US,HSIC,HSIC,관심,,89.52,91.09,91.39,0.9967,1.548,89.47,88.74,
US,HSY,HSY,청산,,179.05,184.1,190.25,0.9677,4.087,179.0,180.07,
US,HPE,HPE,청산,,52.31,53.963,55.785,0.9673,2.4405,52.01,53.0,
US,HLT,HLT,청산,,321.85,327.79,334.42,0.9802,6.4578,321.72,325.37,
US,HD,HD,청산,,330.19,331.61,342.22,0.969,8.046,327.5,327.88,
US,HON,HON,관심,,217.43,221.45,221.27,1.0008,4.44,215.09,214.44,
US,HRL,HRL,청산,,21.57,21.58,24.22,0.891,0.671,21.14,21.27,
US,HST,HST,청산,,22.28,22.52,23.4,0.9624,0.388,22.24,22.25,
US,HWM,HWM,청산,,264.85,268.39,276.82,0.9695,8.037,261.62,262.65,
US,HPQ,HPQ,관심,,30.52,31.25,30.83,1.0136,1.398,29.61,26.73,
US,HUBB,HUBB,청산,,458.24,472.6903,478.5072,0.9878,12.5893,457.207,461.293,
US,IBM,IBM,관심,,235.59,239.08,240.81,0.9928,6.104,235.09,228.96,
US,IEX,IEX,관심,,230.28,235.41,235.98,0.9976,5.251,228.65,228.58,
US,ITW,ITW,청산,,280.1,284.43,286.27,0.9936,4.762,278.5,279.25,
US,INCY,INCY,청산,,124.37,127.74,130.8,0.9766,3.353,123.08,126.06,
US,IR,IR,청산,,78.58,79.745,81.61,0.9771,1.896,77.98,78.51,
US,INTC,INTC,관심,,89.47,93.7,92.95,1.0081,4.516,89.05,85.63,
US,ICE,ICE,관심,,162.33,162.96,163.39,0.9974,3.047,161.36,159.84,
US,IFF,IFF,관심,,87.95,88.64,88.56,1.0009,2.091,87.08,85.14,
US,IP,IP,청산,,39.31,40.32,42.21,0.9552,1.153,39.14,39.82,
US,IVZ,IVZ,관심,,32.86,33.66,33.65,1.0003,0.829,32.64,32.37,
US,INVH,INVH,청산,,29.24,29.495,30.595,0.964,0.4525,29.18,29.205,
US,IQV,IQV,관심,,261.75,262.82,265.25,0.9908,7.505,258.08,253.16,
US,IRM,IRM,청산,,117.4,123.03,125.4,0.9811,4.248,116.19,120.6,
US,JBL,JBL,청산,,301.45,315.0,321.48,0.9798,13.842,301.28,304.0,
US,JKHY,JKHY,청산,,169.73,170.12,174.99,0.9722,5.818,167.28,167.97,
US,J,J,관심,,151.98,153.01,153.3,0.9981,2.9768,150.32,149.78,
US,JCI,JCI,청산,,139.59,142.66,146.08,0.9766,3.75,138.82,141.24,
US,JPM,JPM,관심,,357.62,358.73,358.35,1.0011,5.418,354.22,352.23,
US,KVUE,KVUE,관심,,19.17,19.39,19.56,0.9913,0.3295,19.13,18.985,
US,KDP,KDP,관심,,32.18,32.55,32.78,0.993,0.772,31.96,31.72,
US,KEY,KEY,관심,,21.91,22.24,22.2,1.0018,0.412,21.87,21.72,
US,KEYS,KEYS,관심,,319.97,325.855,327.495,0.995,13.8718,318.05,313.865,
US,KMB,KMB,관심,,109.55,111.39,112.38,0.9912,2.103,109.52,108.61,
US,KKR,KKR,관심,,108.68,111.64,111.12,1.0047,3.407,108.62,105.92,
US,KLAC,KLAC,청산,,175.54,182.6,189.77,0.9622,7.719,174.7,179.7,
US,KHC,KHC,관심,,25.7,25.75,26.01,0.99,0.661,25.11,24.25,
US,LH,LH,관심,,335.11,337.69,341.0687,0.9901,7.4178,334.42,330.711,
US,LRCX,LRCX,청산,,301.9,318.29,321.41,0.9903,15.082,301.05,307.86,
US,LEN,LEN,청산,,86.33,87.26,89.15,0.9788,2.548,84.67,84.8,
US,LLY,LLY,청산,,1174.61,1180.0,1271.22,0.9282,38.295,1162.9301,1171.71,
US,LIN,LIN,관심,,489.51,489.6,494.5,0.9901,7.859,486.7,481.0,
US,LYV,LYV,청산,,181.65,181.71,188.96,0.9616,4.302,177.75,178.9,
US,LMT,LMT,관심,,563.85,568.43,572.95,0.9921,13.319,560.72,555.27,
US,LOW,LOW,청산,,208.05,208.7,219.82,0.9494,5.721,205.7,205.78,
US,MPC,MPC,진입,,368.83,369.12,367.5,1.0044,9.486,363.15,347.67,
US,MAR,MAR,청산,,351.08,358.16,363.39,0.9856,5.9842,350.81,353.77,
US,MRSH,MRSH,관심,,192.64,194.62,195.67,0.9946,3.924,190.47,188.76,
US,MRVL,MRVL,청산,,216.62,228.88,254.6,0.899,18.985,215.55,235.93,
US,MAS,MAS,관심,,73.25,74.02,74.54,0.993,1.7556,72.42,72.29,
US,MA,MA,관심,,595.3,598.02,601.23,0.9947,10.159,592.08,588.11,
US,MDT,MDT,청산,,91.23,91.56,94.05,0.9735,1.973,89.94,89.96,
US,MRK,MRK,청산,,148.35,149.01,156.92,0.9496,5.533,145.75,149.02,
US,META,META,관심,,578.02,589.19,593.34,0.993,18.669,571.0,561.4,
US,MET,MET,관심,,96.51,97.44,96.79,1.0067,1.763,96.41,94.57,
US,MGM,MGM,청산,,42.28,43.44,44.31,0.9804,0.731,42.25,42.8,
US,MCHP,MCHP,청산,,72.93,75.58,76.5395,0.9875,2.4545,72.67,72.91,
US,MAA,MAA,청산,,129.61,130.02,134.04,0.97,2.14,128.64,128.69,
US,MRNA,MRNA,청산,,137.99,138.8,161.37,0.8601,26.3736,133.33,138.54,
US,MDLZ,MDLZ,청산,,62.36,62.77,65.55,0.9576,1.212,61.67,62.12,
US,MPWR,MPWR,청산,,1256.26,1306.03,1337.7,0.9763,52.267,1254.01,1284.5601,
US,MNST,MNST,청산,,46.86,47.15,49.24,0.9576,1.167,46.38,46.44,
US,MCO,MCO,관심,,514.95,517.14,520.67,0.9932,11.434,505.86,501.01,
US,MS,MS,관심,,214.77,216.65,217.34,0.9968,4.396,214.19,211.85,
US,MSI,MSI,관심,,486.0,488.96,490.19,0.9975,10.219,483.29,480.41,
US,MSCI,MSCI,관심,,570.76,576.55,574.98,1.0027,11.775,569.86,560.01,
US,NDAQ,NDAQ,관심,,99.31,100.01,100.97,0.9905,1.729,99.04,97.59,
US,NFLX,NFLX,관심,,81.72,82.35,82.46,0.9987,2.281,79.95,79.28,
US,NEM,NEM,청산,,127.98,132.89,135.29,0.9823,5.089,127.11,129.7,
US,NWSA,NWSA,관심,,30.97,31.5,31.66,0.9949,0.693,30.9,30.22,
US,NWS,NWS,관심,,34.85,35.46,35.76,0.9916,0.82,34.7,34.19,
US,NEE,NEE,청산,,81.84,82.98,84.6336,0.9805,1.2508,81.33,82.1621,
US,NI,NI,청산,,40.57,41.3,42.38,0.9745,0.781,40.49,40.61,
US,NDSN,NDSN,청산,,324.59,334.03,339.12,0.985,8.845,324.26,330.35,
US,NSC,NSC,청산,,348.68,349.55,355.99,0.9819,6.365,346.24,347.03,
US,NTRS,NTRS,관심,,186.79,187.94,188.75,0.9957,3.448,185.67,185.15,
US,NRG,NRG,청산,,111.12,115.09,117.39,0.9804,4.85,110.65,112.9,
US,NUE,NUE,관심,,250.5,256.18,257.13,0.9963,10.872,248.13,243.1,
US,NVDA,NVDA,관심,,217.55,229.26,230.47,0.9947,7.615,216.81,209.23,
US,NVR,NVR,관심,,6396.27,6458.1499,6469.9902,0.9982,145.857,6335.0,6269.1602,
US,NXPI,NXPI,청산,,223.58,225.84,228.08,0.9902,5.606,220.55,221.26,
US,ORLY,ORLY,청산,,88.5,88.9,91.49,0.9717,1.988,87.64,87.74,
US,OMC,OMC,관심,,88.28,89.22,89.57,0.9961,1.916,88.01,86.48,
US,OKE,OKE,관심,,94.76,95.88,95.41,1.0049,2.277,94.55,91.13,
US,ORCL,ORCL,관심,,150.85,153.99,153.83,1.001,5.572,149.71,142.51,
US,OTIS,OTIS,관심,,71.74,72.1,72.67,0.9922,1.3427,71.33,71.018,
US,PCAR,PCAR,청산,,125.34,127.77,132.43,0.9648,2.757,124.51,126.24,
US,PKG,PKG,청산,,240.39,246.18,255.6,0.9631,5.416,239.88,240.17,
US,PLTR,PLTR,관심,,186.29,188.37,186.86,1.0081,6.8953,184.38,168.9,
US,PSKY,PSKY,관심,,10.88,10.98,10.98,1.0,0.364,10.68,10.26,
US,PH,PH,청산,,995.02,1015.99,1047.61,0.9698,23.427,990.35,1006.51,
US,PAYX,PAYX,관심,,127.04,127.92,127.23,1.0054,2.792,126.2,123.38,
US,PYPL,PYPL,청산,,53.66,54.76,62.68,0.8736,2.0375,52.62,61.07,
US,PNR,PNR,청산,,61.67,62.57,65.68,0.9526,1.863,60.71,61.46,
US,PFE,PFE,청산,,27.96,28.02,28.58,0.9804,0.578,27.77,27.83,
US,PCG,PCG,청산,,16.6,18.35,18.4,0.9973,0.738,15.84,17.51,
US,PSX,PSX,관심,,244.01,244.66,246.0,0.9946,6.4619,239.87,233.55,
US,PNW,PNW,관심,,97.64,98.88,99.56,0.9932,1.577,97.08,96.6,
US,PNC,PNC,관심,,242.22,246.64,247.08,0.9982,4.871,241.92,240.0,
US,PPG,PPG,관심,,114.22,116.23,115.98,1.0022,2.245,112.82,112.39,
US,PPL,PPL,청산,,34.2,34.65,35.32,0.981,0.642,34.03,34.39,
US,PFG,PFG,관심,,111.41,113.27,112.56,1.0063,2.019,111.38,110.0,
US,PLD,PLD,청산,,140.7,142.44,143.82,0.9904,1.731,140.41,141.02,
US,PRU,PRU,관심,,119.79,121.6,121.64,0.9997,2.1098,119.74,117.95,
US,PEG,PEG,청산,,73.19,73.99,74.97,0.9869,1.148,72.77,72.9,
US,PTC,PTC,관심,,157.15,159.46,159.0,1.0029,4.425,155.98,148.59,
US,PSA,PSA,청산,,313.51,314.52,326.1,0.9645,5.191,310.52,311.02,
US,QCOM,QCOM,관심,,164.19,165.49,166.95,0.9913,4.689,161.9,159.08,
US,DGX,DGX,관심,,242.76,245.28,247.19,0.9923,4.539,242.27,241.79,
US,Q,Q,청산,,120.26,125.995,134.17,0.9391,6.2181,119.501,125.14,
US,RL,RL,청산,,354.04,357.25,380.0,0.9401,9.252,350.01,350.8,
US,RDDT,RDDT,청산,,153.0,158.86,165.91,0.9575,8.2113,152.057,152.77,
US,RTX,RTX,관심,,211.71,213.5,213.52,0.9999,4.13,210.7,207.44,
US,REG,REG,청산,,75.52,75.82,77.18,0.9824,0.891,75.01,75.38,
US,REGN,REGN,청산,,794.19,809.4,847.0,0.9556,18.362,789.08,804.27,
US,RF,RF,관심,,30.33,30.76,31.04,0.991,0.566,30.24,29.98,
US,RSG,RSG,관심,,222.11,222.49,224.17,0.9925,3.604,219.58,218.86,
US,RVTY,RVTY,관심,,128.8,130.07,129.8,1.0021,3.942,127.26,122.01,
US,ROK,ROK,청산,,430.86,436.29,438.25,0.9955,8.692,427.46,428.22,
US,ROST,ROST,청산,,228.55,232.67,243.86,0.9541,7.619,228.15,229.48,
US,RCL,RCL,청산,,279.41,287.52,298.86,0.9621,7.745,279.41,283.48,
US,SPGI,SPGI,관심,,442.89,444.56,444.82,0.9994,9.9838,436.0,422.9404,
US,SNDK,SNDK,청산,,1484.98,1517.75,1614.0601,0.9403,117.5226,1435.61,1450.05,
US,SRE,SRE,청산,,84.31,87.19,87.83,0.9927,2.222,83.58,83.69,
US,SHW,SHW,청산,,344.86,348.78,355.51,0.9811,7.7273,343.0,343.04,
US,SW,SW,청산,,48.29,49.43,50.52,0.9784,1.3935,47.765,48.2,
US,SNA,SNA,청산,,391.86,399.12,400.63,0.9962,5.8272,390.41,392.51,
US,SO,SO,청산,,88.25,89.57,91.65,0.9773,1.431,87.88,88.27,
US,LUV,LUV,청산,,39.64,40.56,41.84,0.9694,1.106,39.63,39.69,
US,SWK,SWK,청산,,97.8,100.85,101.27,0.9959,2.553,96.3,97.45,
US,SBUX,SBUX,관심,,107.85,108.7,108.74,0.9996,2.652,107.26,105.36,
US,STT,STT,관심,,193.33,194.25,195.93,0.9914,4.12,192.14,189.36,
US,STE,STE,청산,,233.78,234.07,240.34,0.9739,4.234,230.57,232.81,
US,SYK,SYK,관심,,330.69,332.72,334.87,0.9936,9.425,322.12,321.6,
US,SYF,SYF,청산,,78.05,80.89,81.42,0.9935,2.2235,78.03,79.12,
US,SNPS,SNPS,관심,,442.61,462.45,464.98,0.9946,16.803,440.6,395.25,
US,SYY,SYY,청산,,81.94,82.7,85.25,0.9701,1.285,81.48,82.3,
US,TROW,TROW,청산,,111.24,113.34,114.09,0.9934,1.978,110.73,111.49,
US,TEL,TEL,관심,,202.66,204.49,205.98,0.9928,5.4958,200.02,199.28,
US,TDY,TDY,청산,,621.96,627.27,639.84,0.9804,13.892,617.17,624.31,
US,TER,TER,청산,,354.97,370.58,385.57,0.9611,22.648,353.25,357.03,
US,TXN,TXN,청산,,258.64,267.43,269.79,0.9913,8.287,255.97,256.97,
US,TPL,TPL,청산,,364.38,376.0,386.36,0.9732,15.27,361.6,363.71,
US,TMO,TMO,청산,,622.18,630.0,647.0,0.9737,17.257,617.45,618.03,
US,TJX,TJX,청산,,135.12,135.56,142.49,0.9514,3.441,133.55,134.17,
US,TKO,TKO,청산,,184.64,185.76,196.19,0.9468,5.592,182.91,183.7,
US,TTD,TTD,관심,,13.57,13.81,13.655,1.0114,0.4755,13.34,12.97,
US,TT,TT,청산,,448.96,456.99,465.56,0.9816,9.945,446.26,452.17,
US,TDG,TDG,청산,,1185.97,1195.51,1225.97,0.9752,25.025,1179.0,1182.62,
US,TRV,TRV,관심,,369.9,372.47,373.55,0.9971,6.552,368.1,366.14,
US,TRMB,TRMB,관심,,61.01,62.0,61.69,1.005,1.676,60.89,58.5,
US,TFC,TFC,관심,,50.43,51.0,51.39,0.9924,0.911,50.13,49.86,
US,TSN,TSN,청산,,55.4,55.7,59.15,0.9417,1.203,55.0,55.11,
US,USB,USB,관심,,62.47,62.98,63.18,0.9968,1.116,62.25,61.81,
US,UDR,UDR,청산,,37.12,37.3,38.59,0.9666,0.5635,37.02,37.08,
US,ULTA,ULTA,청산,,517.5,542.54,546.51,0.9927,21.063,503.05,526.07,
US,UAL,UAL,청산,,110.6,113.98,119.73,0.952,3.746,110.21,112.27,
US,UPS,UPS,관심,,105.33,106.39,107.11,0.9933,1.895,104.89,103.06,
US,URI,URI,청산,,1030.25,1047.99,1107.47,0.9463,30.966,1014.32,1036.04,
US,UNH,UNH,청산,,392.95,396.74,406.25,0.9766,7.818,392.66,393.77,
US,UHS,UHS,청산,,171.66,174.3,179.94,0.9687,4.662,169.58,172.53,
US,VLO,VLO,관심,,352.36,352.86,353.0,0.9996,9.359,345.12,335.0,
US,VTR,VTR,관심,,91.81,93.83,94.5,0.9929,1.722,91.73,91.59,
US,VRSN,VRSN,관심,,291.93,300.36,298.09,1.0076,7.7771,290.95,287.86,
US,VZ,VZ,관심,,50.1,50.33,50.78,0.9911,0.782,49.54,49.12,
US,VRTX,VRTX,청산,,541.69,549.57,555.69,0.989,13.55,540.08,540.08,
US,VTRS,VTRS,청산,,16.34,17.01,17.1,0.9947,0.3841,16.3,16.44,
US,V,V,관심,,381.6,383.68,385.57,0.9951,6.346,379.03,378.5,
US,VST,VST,청산,,137.09,141.1,144.03,0.9797,4.6786,136.61,137.39,
US,VMRK,VMRK,청산,,65.54,66.1,68.62,0.9633,1.553,65.08,65.48,
US,GWW,GWW,청산,,1306.3,1335.3101,1337.96,0.998,25.706,1294.05,1297.55,
US,WAB,WAB,청산,,292.23,299.38,302.9,0.9884,6.2664,290.59,294.44,
US,WBD,WBD,관심,,28.77,28.97,28.99,0.9993,0.344,28.71,28.65,
US,WAT,WAT,관심,,414.69,422.5,426.22,0.9913,12.341,412.38,406.87,
US,WEC,WEC,청산,,106.22,106.94,108.69,0.9839,1.632,105.85,106.08,
US,WELL,WELL,관심,,238.07,241.39,243.04,0.9932,3.856,237.47,237.22,
US,WST,WST,청산,,337.47,345.87,359.18,0.9629,7.584,336.13,346.08,
US,WY,WY,청산,,23.64,24.06,24.88,0.967,0.581,23.49,23.7,
US,WMB,WMB,관심,,73.73,74.81,75.53,0.9905,2.434,73.46,70.81,
US,XEL,XEL,청산,,76.45,77.5,79.48,0.9751,1.383,75.97,76.67,
US,XYL,XYL,청산,,111.31,113.71,115.2414,0.9867,2.7975,110.46,110.84,
US,ZBRA,ZBRA,청산,,356.45,369.0,371.28,0.9939,11.235,353.58,359.26,
US,ZBH,ZBH,관심,,100.91,101.32,102.12,0.9922,2.411,99.25,99.2,
COIN,ETH,ETH,관심,,3373000.0,3513000.0,3544000.0,0.9913,123100.0,3416000.0,3354000.0,3354000.0
COIN,ETC,ETC,청산,,10240.0,10420.0,11120.0,0.9371,693.0,10100.0,10250.0,
COIN,TRX,TRX,관심,,467.0,474.0,476.0,0.9958,8.1,470.0,465.0,466.0
COIN,QTUM,QTUM,청산,,1130.0,1142.0,1288.0,0.8866,75.3,1120.0,1120.0,
COIN,GLM,GLM,청산,,151.0,154.0,162.0,0.9506,8.3,150.0,152.0,
COIN,POWR,POWR,관심,,62.39,65.18,65.74,0.9915,5.556,63.52,61.32,62.6
COIN,ADA,ADA,청산,,278.0,286.0,301.0,0.9502,22.4,276.0,276.0,
COIN,ENJ,ENJ,청산,,34.15,35.13,38.0,0.9245,2.165,33.84,33.84,
COIN,IOST,IOST,청산,,0.8113,0.8267,0.92,0.8986,0.0531,0.8055,0.8057,
COIN,ARPA,ARPA,관심,,13.34,13.77,13.9,0.9906,0.636,13.42,12.95,13.34
COIN,UNI,UNI,관심,,7045.0,7525.0,7365.0,1.0217,589.5,7040.0,6030.0,6920.0
COIN,UMA,UMA,관심,,507.0,530.0,525.0,1.0095,24.8,513.0,495.0,506.0
COIN,YFI,YFI,청산,,3084000.0,3126000.0,3268000.0,0.9565,161300.0,3067000.0,3081000.0,
COIN,RSR,RSR,청산,,1.896,1.959,2.1,0.9329,0.1377,1.888,1.91,
COIN,RLC,RLC,청산,,428.0,433.0,456.0,0.9496,44.9,424.0,424.0,
COIN,LPT,LPT,관심,,1868.0,1970.0,1978.0,0.996,131.7,1891.0,1758.0,1858.0
COIN,PUNDIX,PUNDIX,관심,,126.0,130.0,130.0,1.0,8.5,128.0,121.0,124.0
COIN,BFC,BFC,관심,,15.03,15.92,15.99,0.9956,1.031,15.43,14.88,15.17
COIN,ALICE,ALICE,청산,,189.0,192.0,204.0,0.9412,12.2,187.0,187.0,
COIN,CAKE,CAKE,관심,,2495.0,2620.0,2566.0,1.021,129.6,2522.0,2307.0,2467.0
COIN,USDS,USDS,관심,,1386.0,1386.0,1392.0,0.9957,15.6,1384.0,1379.0,1386.0
COIN,SHIB,SHIB,청산,,0.0071,0.0073,0.0077,0.9481,0.0006,0.007,0.007,
COIN,POL,POL,청산,,138.0,143.0,177.0,0.8079,15.8,136.0,140.0,
COIN,WOO,WOO,관심,,15.73,16.21,16.35,0.9914,0.831,15.66,15.38,15.59
COIN,ONT,ONT,청산,,75.37,76.54,104.0,0.736,10.989,74.07,74.61,
COIN,ONG,ONG,청산,,149.0,157.0,338.0,0.4645,52.54,148.0,149.0,
COIN,JST,JST,청산,,130.0,132.0,140.0,0.9429,4.7,130.0,131.0,
COIN,ATOM,ATOM,청산,,2053.0,2072.0,2177.0,0.9518,101.0,2029.0,2030.0,
COIN,DOGE,DOGE,청산,,118.0,120.0,125.0,0.96,8.2,116.0,116.0,
COIN,NFT,NFT,청산,,0.0003,0.0004,0.0004,1.0,0.0001,0.0003,0.0003,
COIN,SUN,SUN,청산,,23.26,23.34,24.43,0.9554,0.498,23.15,23.18,
COIN,1INCH,1INCH,관심,,121.0,126.0,126.0,1.0,6.0,123.0,119.0,122.0
COIN,BOBA,BOBA,관심,,27.8,31.1,29.75,1.0454,2.304,28.62,27.05,28.01
COIN,DYDX,DYDX,청산,,149.0,153.0,167.0,0.9162,9.6,149.0,149.0,
COIN,JOE,JOE,관심,,42.72,44.96,45.08,0.9973,2.526,43.43,41.23,43.24
COIN,BTT,BTT,관심,,0.0004,0.0005,0.0005,1.0,0.0001,0.0004,0.0003,0.0004
COIN,JASMY,JASMY,청산,,6.227,6.748,7.415,0.91,0.6476,6.13,6.242,
COIN,CSPR,CSPR,청산,,3.608,3.847,4.442,0.8661,0.4055,3.596,3.801,
COIN,TAVA,TAVA,청산,,3.013,3.207,5.692,0.5634,1.0692,3.0,3.023,
COIN,APE,APE,청산,,187.0,193.0,200.0,0.965,10.3,186.0,186.0,
COIN,BLUR,BLUR,관심,,21.9,23.55,23.39,1.0068,1.327,21.98,21.74,21.63
COIN,OP,OP,청산,,123.0,126.0,143.0,0.8811,10.2,120.0,121.0,
COIN,RPL,RPL,청산,,2197.0,2257.0,2369.0,0.9527,139.8,2175.0,2200.0,
COIN,ACS,ACS,청산,,0.2031,0.2193,0.3559,0.6162,0.0417,0.1998,0.2054,
COIN,FRAX,FRAX,청산,,406.0,412.0,447.0,0.9217,22.2,404.0,405.0,
COIN,LDO,LDO,관심,,480.0,518.0,521.0,0.9942,42.8,493.0,485.0,475.0
COIN,S,S,청산,,38.94,40.88,46.06,0.8875,3.46,38.62,40.11,
COIN,FLOKI,FLOKI,청산,,0.0345,0.0355,0.0375,0.9467,0.0027,0.0344,0.0345,
COIN,AGLD,AGLD,관심,,228.0,235.0,237.0,0.9916,12.8,229.0,223.0,228.0
COIN,SEI,SEI,청산,,62.84,63.82,67.32,0.948,3.659,62.35,62.9,
COIN,WAXL,WAXL,확정,59.56,59.22,61.42,59.46,1.033,4.265,56.57,55.06,59.22
COIN,PEPE,PEPE,청산,,0.005,0.0053,0.0056,0.9464,0.0005,0.005,0.005,
COIN,ARKM,ARKM,청산,,152.0,156.0,164.0,0.9512,11.0,151.0,151.0,
COIN,PENDLE,PENDLE,관심,,2363.0,2495.0,2498.0,0.9988,234.4,2419.0,2301.0,2347.0
COIN,BICO,BICO,청산,,29.97,31.53,47.69,0.6611,6.217,29.19,29.75,
COIN,MNT,MNT,확정,778.0,773.0,809.0,776.0,1.0425,53.8,731.0,691.0,773.0
COIN,GTC,GTC,청산,,114.0,116.0,134.0,0.8657,8.2,113.0,113.0,
COIN,NEO,NEO,청산,,2842.0,2895.0,3218.0,0.8996,191.6,2817.0,2855.0,
COIN,TIA,TIA,청산,,465.0,475.0,512.0,0.9277,35.6,460.0,460.0,
COIN,BIGTIME,BIGTIME,관심,,9.401,9.57,9.656,0.9911,0.7916,9.153,8.44,9.307
COIN,AUCTION,AUCTION,관심,,4915.0,5980.0,5600.0,1.0679,488.3,4898.0,4305.0,5025.0
COIN,USDT,USDT,관심,,1384.0,1390.0,1397.0,0.995,12.4,1384.0,1378.0,1386.0
COIN,USDC,USDC,관심,,1385.0,1390.0,1398.0,0.9943,12.8,1385.0,1378.0,1386.0
COIN,ACE,ACE,청산,,246.0,258.0,328.0,0.7866,39.1,244.0,256.0,
COIN,SKL,SKL,관심,,5.055,5.61,5.437,1.0318,0.3329,5.129,5.003,5.017
COIN,BEAM,BEAM,청산,,2.094,2.186,3.3,0.6624,0.2827,2.081,2.106,
COIN,BONK,BONK,청산,,0.004,0.0042,0.0044,0.9545,0.0005,0.0039,0.004,
COIN,RON,RON,청산,,73.91,75.39,80.05,0.9418,3.786,73.38,74.11,
COIN,CORE,CORE,청산,,30.27,32.79,38.65,0.8484,4.81,29.86,31.5,
COIN,IO,IO,청산,,177.0,183.0,199.0,0.9196,13.1,177.0,178.0,
COIN,G,G,청산,,5.124,5.176,5.573,0.9288,0.3652,5.081,5.098,
COIN,CFG,CFG,청산,,164.0,170.0,201.0,0.8458,16.4,164.0,166.0,
COIN,MERL,MERL,청산,,28.1,28.7,34.78,0.8252,3.292,27.8,27.98,
COIN,EIGEN,EIGEN,청산,,267.0,285.0,297.0,0.9596,28.2,263.0,263.0,
COIN,SKY,SKY,관심,,94.93,98.1,97.84,1.0027,4.552,96.59,91.55,94.32
COIN,TURBO,TURBO,청산,,1.339,1.389,1.583,0.8774,0.1412,1.32,1.344,
COIN,PUFFER,PUFFER,청산,,20.35,20.96,26.9,0.7792,2.702,20.33,20.62,
COIN,DBR,DBR,관심,,20.39,20.34,20.45,0.9946,0.639,20.07,19.94,20.38
COIN,MOODENG,MOODENG,청산,,56.0,57.47,63.7,0.9022,6.618,55.12,55.81,
COIN,ME,ME,청산,,82.94,84.88,96.31,0.8813,9.184,82.38,82.61,
COIN,INIT,INIT,관심,,80.81,82.97,83.16,0.9977,5.206,78.5,72.3,78.0
COIN,WIF,WIF,청산,,271.0,281.0,323.0,0.87,27.8,271.0,271.0,
COIN,PLUME,PLUME,관심,,20.24,21.29,20.79,1.0241,1.745,20.21,18.29,19.91
COIN,BIO,BIO,청산,,37.29,38.09,40.96,0.9299,3.2,36.83,37.13,
COIN,ANIME,ANIME,탈락,,3.789,4.05,3.82,1.0602,0.2517,3.64,3.513,3.789
COIN,LAYER,LAYER,청산,,91.99,93.39,98.81,0.9451,5.204,91.0,91.15,
COIN,C,C,청산,,83.89,85.8,90.72,0.9458,4.596,83.86,84.02,
COIN,BMT,BMT,청산,,29.31,30.5,41.74,0.7307,6.055,28.78,28.92,
COIN,XAUT,XAUT,청산,,6182000.0,6190000.0,6482000.0,0.955,91700.0,6170000.0,6177000.0,
COIN,BABY,BABY,관심,,16.99,17.7,17.83,0.9927,1.108,16.98,16.75,16.98
COIN,NXPC,NXPC,청산,,284.0,292.0,298.0,0.9799,15.8,284.0,284.0,
COIN,0G,0G,확정,234.0,233.0,233.0,233.0,1.0,18.0,226.0,212.0,
COIN,HEMI,HEMI,탈락,,18.85,18.87,19.06,0.99,3.3423,14.5,11.4,18.85
COIN,TOSHI,TOSHI,청산,,0.1669,0.1718,0.185,0.9286,0.0154,0.1669,0.1686,
COIN,HUMA,HUMA,청산,,27.36,28.38,38.74,0.7326,3.381,27.15,27.66,
COIN,USD1,USD1,관심,,1385.0,1388.0,1396.0,0.9943,17.0,1385.0,1375.0,1389.0
COIN,NEWT,NEWT,관심,,58.25,58.96,59.5,0.9909,3.097,57.5,55.65,58.71
COIN,TREE,TREE,확정,55.44,54.97,55.46,55.4,1.0011,3.534,53.3,50.5,54.97
COIN,EUL,EUL,청산,,1817.0,1863.0,2100.0,0.8871,191.2,1806.0,1820.0,
COIN,OPEN,OPEN,청산,,203.0,209.0,224.0,0.933,13.3,203.0,206.0,
COIN,IRYS,IRYS,확정,19.13,19.03,18.99,19.12,0.9932,0.915,18.62,18.02,19.03
COIN,2Z,2Z,청산,,73.54,75.83,82.74,0.9165,6.101,73.04,74.4,
COIN,SAPIEN,SAPIEN,관심,,111.0,117.0,114.0,1.0263,6.6,111.0,107.0,111.0
COIN,SUPER,SUPER,청산,,149.0,150.0,166.0,0.9036,16.6,148.0,148.0,
COIN,IN,IN,확정,45.99,45.8,45.93,45.95,0.9996,2.163,44.64,43.5,45.8
COIN,USDE,USDE,관심,,1386.0,1400.0,1404.0,0.9972,16.8,1396.0,1373.0,1387.0
COIN,MET,MET,청산,,267.0,280.0,313.0,0.8946,29.1,266.0,269.0,
COIN,ESP,ESP,청산,,109.0,110.0,131.0,0.8397,9.4,107.0,109.0,
COIN,CYS,CYS,탈락,,1160.0,1157.0,1166.0,0.9923,155.0,1070.0,790.0,1160.0
COIN,SPACE,SPACE,관심,,6.551,7.341,7.212,1.0179,0.6565,6.593,6.476,6.628
COIN,BREV,BREV,관심,,103.0,108.0,105.0,1.0286,5.873,100.0,95.89,103.0
COIN,BILL,BILL,청산,,27.25,27.51,30.66,0.8973,2.465,27.0,27.02,
COIN,ELSA,ELSA,탈락,,64.01,64.57,64.54,1.0005,3.073,63.5,60.51,64.01
COIN,SLX,SLX,관심,,95.52,101.0,102.0,0.9902,9.632,96.59,91.4,94.23
COIN,BASED,BASED,관심,,95.19,101.0,102.0,0.9902,11.53,96.66,95.51,93.9
COIN,EDGEX,EDGEX,청산,,493.0,511.0,558.0,0.9158,43.1,488.0,498.0,
COIN,PRL,PRL,청산,,247.0,252.0,297.0,0.8485,21.2,244.0,249.0,
COIN,RE,RE,청산,,650.0,674.0,811.0,0.8311,75.7,638.0,667.0,
COIN,PROVE,PROVE,확정,246.0,245.0,245.0,245.0,1.0,13.3,234.0,226.0,245.0
COIN,KAT,KAT,확정,6.484,6.439,6.506,6.459,1.0073,0.4017,6.21,5.84,6.439
COIN,MAGIC,MAGIC,확정,65.33,64.91,65.09,65.24,0.9977,4.323,63.09,60.91,64.91
COIN,CARV,CARV,확정,47.32,47.06,48.2,47.21,1.021,3.017,45.99,43.19,47.06
COIN,TRUST,TRUST,확정,73.5,73.2,73.0,73.4,0.9946,4.08,69.83,68.55,73.2
COIN,EGLD,EGLD,확정,4964.0,4949.0,4976.0,4959.0,1.0034,390.6,4833.0,4573.0,4949.0
COIN,XAI,XAI,확정이탈,10.5,10.49,10.68,10.49,1.0181,0.6286,10.44,10.06,10.49
COIN,ICP,ICP,확정이탈,3460.0,3444.0,3780.0,3445.0,1.0972,309.2,3246.0,3224.0,3444.0
KR,402340,SK스퀘어,청산,,1089000.0,1095000.0,1199000.0,0.9133,69100.0,1066000.0,1095000.0,
KR,329180,HD현대중공업,청산,,479000.0,491000.0,482000.0,1.0187,25550.0,440500.0,444000.0,
KR,207940,삼성바이오로직스,청산,,1415000.0,1423000.0,1487000.0,0.957,37400.0,1396000.0,1414000.0,
KR,105560,KB금융,관심,,177900.0,178800.0,179400.0,0.9967,5900.0,172200.0,171100.0,
KR,055550,신한지주,청산,,112900.0,113200.0,116500.0,0.9717,3940.0,108900.0,109400.0,
KR,034730,SK,청산,,585000.0,587000.0,628000.0,0.9347,35000.0,575000.0,584000.0,
KR,005935,삼성전자우,청산,,193300.0,195600.0,204000.0,0.9588,7590.0,191000.0,195500.0,
KR,032830,삼성생명,청산,,307500.0,309500.0,319500.0,0.9687,13700.0,296500.0,300500.0,
KR,012450,한화에어로스페이스,진입,,1081000.0,1089000.0,1079000.0,1.0093,51200.0,1046000.0,1021000.0,
KR,068270,셀트리온,청산,,178200.0,179700.0,190000.0,0.9458,4520.0,176500.0,180100.0,
KR,005380,현대차,청산,,382500.0,384000.0,395000.0,0.9722,12950.0,378000.0,381500.0,
KR,005930,삼성전자,청산,,259500.0,261500.0,279000.0,0.9373,10650.0,256500.0,263500.0,
KR,028260,삼성물산,청산,,367000.0,374000.0,401000.0,0.9327,19800.0,360500.0,361000.0,
KR,000660,SK하이닉스,청산,,1812000.0,1827000.0,1890000.0,0.9667,91900.0,1768000.0,1777000.0,
KR,012330,현대모비스,청산,,415500.0,418500.0,436000.0,0.9599,16800.0,404000.0,410500.0,
KR,298040,효성중공업,청산,,2854000.0,2860000.0,2997000.0,0.9543,149300.0,2796000.0,2818000.0,
KR,267260,HD현대일렉트릭,청산,,747000.0,756000.0,769000.0,0.9831,41200.0,716000.0,722000.0,
KR,066570,LG전자,청산,,199500.0,204500.0,225500.0,0.9069,11770.0,198600.0,201500.0,
KR,000810,삼성화재,청산,,686000.0,694000.0,692000.0,1.0029,34200.0,635000.0,636000.0,
KR,035420,NAVER,청산,,206500.0,207500.0,219500.0,0.9453,6750.0,203000.0,205500.0,
KR,010120,LS ELECTRIC,청산,,204500.0,206500.0,214000.0,0.965,10290.0,198700.0,200000.0,
KR,316140,우리금융지주,관심,,35100.0,35200.0,35300.0,0.9972,1305.0,33750.0,33300.0,
KR,010130,고려아연,청산,,1179000.0,1193000.0,1264000.0,0.9438,53700.0,1160000.0,1197000.0,
KR,267250,HD현대,청산,,247500.0,255500.0,261000.0,0.9789,14500.0,238000.0,243500.0,
KR,009540,HD한국조선해양,진입,,365500.0,370500.0,364000.0,1.0179,17125.0,341500.0,345000.0,
KR,042660,한화오션,청산,,85600.0,86600.0,90900.0,0.9527,3890.0,82700.0,84400.0,
KR,011200,HMM,청산,,20850.0,21000.0,21750.0,0.9655,660.0,20450.0,20700.0,
KR,017670,SK텔레콤,청산,,90900.0,91500.0,94300.0,0.9703,3440.0,88600.0,89200.0,
KR,042700,한미반도체,청산,,231000.0,241000.0,266000.0,0.906,16300.0,231000.0,241500.0,
KR,015760,한국전력,청산,,33100.0,33800.0,35325.0,0.9568,1337.5,32250.0,32450.0,
KR,278470,에이피알,청산,,372000.0,374000.0,412000.0,0.9078,26000.0,347000.0,351000.0,
KR,018260,삼성에스디에스,청산,,222500.0,223000.0,243000.0,0.9177,11550.0,218500.0,219500.0,
KR,024110,기업은행,청산,,20850.0,20850.0,21300.0,0.9789,500.0,20300.0,20350.0,
KR,010140,삼성중공업,청산,,21400.0,21600.0,22150.0,0.9752,896.0,20700.0,21050.0,
KR,003550,LG,청산,,112500.0,115400.0,125700.0,0.9181,5200.0,111200.0,116000.0,
KR,006800,미래에셋증권,청산,,33450.0,33850.0,36350.0,0.9312,1390.0,33250.0,33800.0,
KR,010950,S-Oil,청산,,150000.0,155800.0,170800.0,0.9122,10100.0,147300.0,151600.0,
KR,035720,카카오,청산,,34500.0,34850.0,36900.0,0.9444,1075.0,33800.0,34500.0,
KR,272210,한화시스템,관심,,70900.0,72300.0,73000.0,0.9904,3200.0,69500.0,69400.0,
KR,086280,현대글로비스,청산,,208500.0,208500.0,216000.0,0.9653,9680.0,198400.0,200500.0,
KR,079550,LIG디펜스앤에어로스페이스,관심,,678000.0,685000.0,690000.0,0.9928,31900.0,665000.0,660000.0,
KR,047810,한국항공우주,관심,,130500.0,132400.0,133600.0,0.991,6010.0,128700.0,127600.0,
KR,030200,KT,청산,,52700.0,52900.0,55550.0,0.9523,1235.0,51800.0,52000.0,
KR,011070,LG이노텍,청산,,543000.0,554000.0,594000.0,0.9327,34100.0,533000.0,545000.0,
KR,323410,카카오뱅크,청산,,21350.0,21600.0,22450.0,0.9621,555.0,21100.0,21150.0,
KR,307950,현대오토에버,청산,,390000.0,393000.0,406000.0,0.968,17750.0,382500.0,383500.0,
KR,078930,GS,청산,,119000.0,119500.0,130900.0,0.9129,7670.0,113000.0,116300.0,
KR,003490,대한항공,청산,,28950.0,29050.0,30900.0,0.9401,1035.0,28500.0,29000.0,
KR,259960,크래프톤,청산,,212500.0,213000.0,220500.0,0.966,7800.0,204500.0,205000.0,
KR,047050,포스코인터내셔널,관심,,57700.0,58700.0,59100.0,0.9932,2700.0,56000.0,53900.0,
KR,028050,삼성E&A,관심,,51000.0,51300.0,51600.0,0.9942,2450.0,49650.0,48350.0,
KR,071050,한국금융지주,관심,,193600.0,194000.0,195900.0,0.9903,5940.0,188400.0,185400.0,
KR,180640,한진칼,청산,,139500.0,140300.0,154200.0,0.9099,10160.0,131000.0,133000.0,
KR,352820,하이브,청산,,173000.0,175600.0,187400.0,0.937,6090.0,167300.0,169200.0,
KR,007660,이수페타시스,청산,,109900.0,111000.0,118000.0,0.9407,6470.0,108200.0,108400.0,
KR,090430,아모레퍼시픽,청산,,140500.0,140800.0,146000.0,0.9644,5695.0,134700.0,135400.0,
KR,161390,한국타이어앤테크놀로지,청산,,62300.0,62800.0,67000.0,0.9373,2410.0,61100.0,61600.0,
KR,064400,LG씨엔에스,청산,,71900.0,71900.0,77200.0,0.9313,3150.0,70300.0,71100.0,
KR,062040,산일전기,청산,,198600.0,199200.0,215000.0,0.9265,11710.0,189700.0,193800.0,
KR,000880,한화,청산,,137300.0,139000.0,143200.0,0.9707,7950.0,134200.0,134500.0,
KR,039490,키움증권,청산,,278000.0,279000.0,279500.0,0.9982,9650.0,268000.0,268500.0,
KR,267270,HD건설기계,청산,,142500.0,145500.0,149700.0,0.9719,7630.0,137000.0,137400.0,
KR,326030,SK바이오팜,청산,,79400.0,80200.0,87300.0,0.9187,3200.0,77200.0,81600.0,
KR,005387,현대차2우B,청산,,180500.0,181900.0,188800.0,0.9635,4830.0,179800.0,181900.0,
KR,032640,LG유플러스,청산,,14890.0,14960.0,15190.0,0.9849,326.0,14510.0,14730.0,
KR,021240,코웨이,청산,,95200.0,95900.0,100700.0,0.9523,3325.0,94100.0,94400.0,
KR,009830,한화솔루션,관심,,29800.0,31350.0,31650.0,0.9905,1925.0,29550.0,29100.0,
KR,241560,두산밥캣,청산,,61600.0,61900.0,65400.0,0.9465,2060.0,60700.0,61500.0,
KR,052690,한전기술,관심,,152000.0,154100.0,152500.0,1.0105,11230.0,144400.0,128100.0,
KR,000100,유한양행,청산,,79400.0,79800.0,82500.0,0.9673,2270.0,77700.0,78000.0,
KR,353200,대덕전자,청산,,100000.0,100800.0,110400.0,0.913,7695.0,98100.0,99700.0,
KR,001440,대한전선,청산,,29500.0,29600.0,31400.0,0.9427,1535.0,28400.0,28650.0,
KR,175330,JB금융지주,관심,,31750.0,32300.0,32300.0,1.0,1605.0,30600.0,30500.0,
KR,128940,한미약품,청산,,464000.0,472500.0,495500.0,0.9536,26750.0,458000.0,461500.0,
KR,088350,한화생명,관심,,5990.0,6150.0,6080.0,1.0115,338.0,5780.0,5640.0,
KR,029780,삼성카드,청산,,45500.0,45700.0,46850.0,0.9755,820.0,45000.0,45200.0,
KR,138930,BNK금융지주,청산,,15930.0,16230.0,15960.0,1.0169,573.0,15230.0,15230.0,
KR,454910,두산로보틱스,청산,,71500.0,72000.0,73900.0,0.9743,3420.0,68800.0,69300.0,
KR,271560,오리온,청산,,119300.0,119500.0,129600.0,0.9221,3500.0,116800.0,118100.0,
KR,088980,맥쿼리인프라,청산,,9790.0,9890.0,9970.0,0.992,98.0,9780.0,9810.0,
KR,034220,LG디스플레이,청산,,8900.0,8950.0,9420.0,0.9501,350.0,8680.0,8710.0,
KR,004020,현대제철,청산,,33600.0,34100.0,34150.0,0.9985,1545.0,32500.0,32500.0,
KR,036570,NC,청산,,205500.0,210500.0,228000.0,0.9232,7700.0,204000.0,204000.0,
KR,005385,현대차우,청산,,182000.0,184200.0,190000.0,0.9695,4890.0,181100.0,183200.0,
KR,051900,LG생활건강,관심,,291000.0,297500.0,296000.0,1.0051,12000.0,288000.0,285000.0,
KR,082740,한화엔진,관심,,50300.0,51700.0,51700.0,1.0,3230.0,46500.0,45600.0,
KR,001040,CJ,청산,,128300.0,129100.0,136800.0,0.9437,4860.0,125700.0,125700.0,
KR,002380,KCC,청산,,485500.0,488500.0,514000.0,0.9504,17150.0,477500.0,481500.0,
KR,008930,한미사이언스,청산,,50300.0,55300.0,61000.0,0.9066,4210.0,50000.0,51400.0,
KR,336260,두산퓨얼셀,청산,,48800.0,49350.0,59000.0,0.8364,5540.0,47700.0,49100.0,
KR,031210,서울보증보험,청산,,43450.0,43600.0,44850.0,0.9721,1205.0,42700.0,42950.0,
KR,035250,강원랜드,청산,,14800.0,14800.0,15000.0,0.9867,238.0,14520.0,14560.0,
KR,302440,SK바이오사이언스,관심,,37250.0,37850.0,38150.0,0.9921,1105.0,36950.0,36400.0,
KR,017800,현대엘리베이터,청산,,74300.0,74700.0,76200.0,0.9803,1770.0,73700.0,74400.0,
KR,007340,DN오토모티브,관심,,46800.0,47350.0,46950.0,1.0085,2180.0,44600.0,43050.0,
KR,097950,CJ제일제당,청산,,179700.0,180000.0,187000.0,0.9626,3440.0,178700.0,179400.0,
KR,004800,효성,청산,,160300.0,161600.0,177000.0,0.913,9580.0,153800.0,159000.0,
KR,009420,한올바이오파마,청산,,50100.0,51100.0,56800.0,0.8996,3700.0,49400.0,50300.0,
KR,489790,한화비전,청산,,47200.0,47550.0,51100.0,0.9305,2130.0,46150.0,47950.0,
KR,282330,BGF리테일,청산,,145000.0,147600.0,152000.0,0.9711,5960.0,137900.0,143000.0,
KR,004370,농심,청산,,414500.0,415000.0,432000.0,0.9606,14650.0,403000.0,405500.0,
KR,026960,동서,청산,,25900.0,25900.0,25900.0,1.0,595.0,24900.0,25000.0,
KR,004990,롯데지주,관심,,25050.0,25250.0,25250.0,1.0,747.5,24650.0,24050.0,
KR,005850,에스엘,관심,,52200.0,52600.0,52500.0,1.0019,1905.0,50900.0,50000.0,
KR,483650,달바글로벌,청산,,167600.0,172100.0,194800.0,0.8835,10880.0,164500.0,171600.0,
KR,051600,한전KPS,관심,,49300.0,49700.0,49600.0,1.002,1550.0,48250.0,47050.0,
KR,020150,롯데에너지머티리얼즈,관심,,42200.0,44200.0,43600.0,1.0138,3480.0,40200.0,36500.0,
KR,030000,제일기획,청산,,18910.0,19040.0,19080.0,0.9979,243.0,18750.0,18770.0,
KR,103140,풍산,청산,,77500.0,78000.0,82700.0,0.9432,3590.0,76800.0,76900.0,
KR,081660,미스토홀딩스,청산,,39950.0,40250.0,42150.0,0.9549,1495.0,38550.0,39200.0,
KR,457190,이수스페셜티케미컬,청산,,64100.0,66200.0,68300.0,0.9693,4180.0,63600.0,64300.0,
KR,014680,한솔케미칼,청산,,200000.0,200500.0,205000.0,0.978,7940.0,195300.0,197100.0,
KR,439260,대한조선,청산,,47300.0,48000.0,48950.0,0.9806,1825.0,46650.0,46800.0,
KR,462870,시프트업,관심,,31400.0,32200.0,32200.0,1.0,875.0,31200.0,31000.0,
KR,139480,이마트,청산,,73700.0,74300.0,76500.0,0.9712,1770.0,72100.0,72500.0,
KR,007070,GS리테일,청산,,25050.0,25200.0,25700.0,0.9805,885.0,24450.0,24650.0,
KR,475150,SK이터닉스,관심,,51900.0,54500.0,54100.0,1.0074,2910.0,51300.0,50700.0,
KR,000155,두산우,관심,,448000.0,461000.0,450500.0,1.0233,23250.0,427000.0,421500.0,
KR,071970,HD현대마린엔진,청산,,52500.0,53600.0,54100.0,0.9908,2850.0,49650.0,50100.0,
KR,120110,코오롱인더,청산,,57400.0,58900.0,60300.0,0.9768,4160.0,53300.0,53500.0,
KR,006040,동원산업,청산,,38200.0,38350.0,38450.0,0.9974,870.0,37150.0,37150.0,
KR,000120,CJ대한통운,청산,,72200.0,73000.0,74400.0,0.9812,1460.0,71000.0,71200.0,
KR,008770,호텔신라,청산,,41100.0,41825.0,43450.0,0.9626,1357.5,40850.0,40950.0,
KR,001120,LX인터내셔널,진입,,40900.0,41200.0,40850.0,1.0086,1355.0,39600.0,38950.0,
KR,001800,오리온홀딩스,관심,,25450.0,25750.0,25800.0,0.9981,590.0,25000.0,24950.0,
KR,020560,아시아나항공,청산,,7700.0,7780.0,8220.0,0.9465,294.0,7650.0,7760.0,
KR,006280,녹십자,관심,,128300.0,131100.0,130100.0,1.0077,3670.0,127200.0,125400.0,
KR,097230,HJ중공업,청산,,15990.0,16350.0,16330.0,1.0012,638.0,15350.0,15400.0,
KR,00680K,미래에셋증권2우B,청산,,10800.0,10960.0,11490.0,0.9539,392.0,10640.0,10860.0,
KR,093370,후성,관심,,13310.0,13650.0,13780.0,0.9906,788.0,12770.0,12700.0,
KR,280360,롯데웰푸드,관심,,142900.0,149000.0,148700.0,1.002,8480.0,137500.0,136500.0,
KR,007310,오뚜기,청산,,332500.0,337000.0,338000.0,0.997,7850.0,328500.0,329500.0,
KR,001740,SK네트웍스,청산,,6390.0,6420.0,6600.0,0.9727,232.0,6210.0,6240.0,
KR,192080,더블유게임즈,관심,,58100.0,58900.0,58500.0,1.0068,2000.0,55200.0,54600.0,
KR,003540,대신증권,관심,,27200.0,27400.0,27350.0,1.0018,685.0,26650.0,26400.0,
KR,300720,한일시멘트,관심,,16600.0,16780.0,16910.0,0.9923,473.0,16310.0,16290.0,
KR,066575,LG전자우,청산,,71100.0,72200.0,81500.0,0.8859,3100.0,71000.0,72200.0,
KR,007810,코리아써키트,청산,,51100.0,51600.0,53900.0,0.9573,3480.0,50300.0,50600.0,
KR,030610,교보증권,관심,,10380.0,10440.0,10490.0,0.9952,257.0,10190.0,10020.0,
KR,330590,롯데리츠,관심,,3935.0,3945.0,3955.0,0.9975,101.0,3885.0,3875.0,
KR,017960,한국카본,청산,,21700.0,22000.0,23350.0,0.9422,1005.0,21050.0,21050.0,
KR,000210,DL,청산,,55000.0,55700.0,56600.0,0.9841,2685.0,53300.0,53300.0,
KR,000080,하이트진로,청산,,15320.0,15380.0,15730.0,0.9777,287.0,15090.0,15110.0,
KR,003240,태광산업,청산,,908000.0,924000.0,951000.0,0.9716,34200.0,897000.0,902000.0,
KR,077970,STX엔진,관심,,24800.0,25900.0,25000.0,1.036,1370.0,23350.0,23200.0,
KR,451800,한화리츠,청산,,5370.0,5390.0,5690.0,0.9473,246.5,5110.0,5180.0,
KR,006120,SK디스커버리,관심,,57400.0,58400.0,58700.0,0.9949,2745.0,56400.0,55200.0,
KR,003570,SNT다이내믹스,관심,,28750.0,29350.0,29450.0,0.9966,1140.0,27800.0,27700.0,
KR,051915,LG화학우,청산,,122200.0,125600.0,133500.0,0.9408,6200.0,121600.0,122700.0,
KR,009240,한샘,관심,,39350.0,39550.0,39350.0,1.0051,1105.0,38150.0,38050.0,
KR,185750,종근당,청산,,66800.0,67100.0,68900.0,0.9739,1720.0,66200.0,66200.0,
KR,003470,유안타증권,관심,,4780.0,4810.0,4825.0,0.9969,127.5,4725.0,4625.0,
KR,005300,롯데칠성,청산,,97600.0,97700.0,99200.0,0.9849,1490.0,96200.0,96200.0,
KR,006110,삼아알미늄,청산,,59800.0,63500.0,72300.0,0.8783,6130.0,57800.0,60500.0,
KR,009450,경동나비엔,관심,,60600.0,61400.0,61700.0,0.9951,1530.0,59600.0,59100.0,
KR,079160,CJ CGV,관심,,5450.0,5520.0,5490.0,1.0055,200.0,5320.0,5160.0,
KR,071320,지역난방공사,청산,,74700.0,75400.0,77000.0,0.9792,1950.0,73300.0,73700.0,
KR,004490,세방전지,청산,,61600.0,62500.0,69600.0,0.898,4195.0,61100.0,61100.0,
KR,195870,해성디에스,청산,,50100.0,50400.0,52800.0,0.9545,2815.0,49200.0,49600.0,
KR,365550,ESR켄달스퀘어리츠,진입,,3185.0,3185.0,3180.0,1.0016,128.5,3065.0,3030.0,
KR,003160,디아이,청산,,29950.0,31200.0,32500.0,0.96,2425.0,29250.0,29750.0,
KR,456040,OCI,청산,,80200.0,80600.0,83200.0,0.9688,2950.0,78300.0,78900.0,
KR,064960,SNT모티브,관심,,26850.0,27050.0,27100.0,0.9982,1095.0,26200.0,25850.0,
KR,268280,미원에스씨,진입,,135000.0,135000.0,134500.0,1.0037,3540.0,130400.0,130100.0,
KR,317450,명인제약,청산,,44100.0,44300.0,45150.0,0.9812,920.0,43300.0,43400.0,
KR,094800,맵스리얼티,관심,,7280.0,7280.0,7290.0,0.9986,116.0,7180.0,7070.0,7200.0
KR,017940,E1,관심,,99400.0,99800.0,99600.0,1.002,2110.0,98000.0,96400.0,
KR,000670,영풍,청산,,38450.0,39500.0,40550.0,0.9741,1520.0,38050.0,38500.0,
KR,005880,대한해운,청산,,2090.0,2145.0,2155.0,0.9954,90.0,2045.0,2045.0,
KR,069260,TKG휴켐스,관심,,16430.0,16650.0,16640.0,1.0006,318.0,16300.0,16290.0,
KR,000400,롯데손해보험,관심,,2120.0,2155.0,2145.0,1.0047,92.5,2085.0,2005.0,
KR,293940,신한알파리츠,청산,,5380.0,5380.0,5510.0,0.9764,122.0,5240.0,5290.0,
KR,093050,LF,청산,,22350.0,22500.0,22800.0,0.9868,765.0,21400.0,21400.0,
KR,001570,금양,청산,,9900.0,0.0,0.0,,9900.0,0.0,0.0,
KR,079900,전진건설로봇,청산,,41100.0,41350.0,44650.0,0.9261,2635.0,40200.0,41000.0,
KR,453340,현대그린푸드,관심,,18840.0,18990.0,18940.0,1.0026,457.0,18370.0,18200.0,
KR,248070,솔루엠,관심,,12890.0,13100.0,12970.0,1.01,445.0,12510.0,12340.0,
KR,075580,세진중공업,관심,,10390.0,10580.0,10670.0,0.9916,466.0,10100.0,10000.0,
KR,000640,동아쏘시오홀딩스,청산,,90700.0,91900.0,95000.0,0.9674,2420.0,89800.0,90300.0,
KR,002840,미원상사,관심,,135500.0,136500.0,137500.0,0.9927,5890.0,129500.0,126800.0,
KR,025540,한국단자,청산,,56700.0,57300.0,57600.0,0.9948,1600.0,55300.0,55300.0,
KR,033240,자화전자,청산,,27150.0,27700.0,31800.0,0.8711,1910.0,26950.0,28000.0,
KR,016380,KG스틸,관심,,5590.0,5670.0,5720.0,0.9913,167.0,5530.0,5460.0,
KR,178920,PI첨단소재,청산,,18750.0,19150.0,19740.0,0.9701,710.0,18730.0,19000.0,
KR,001530,DI동일,청산,,26450.0,27250.0,28950.0,0.9413,1655.0,26000.0,26700.0,
KR,002990,금호건설,청산,,14710.0,15260.0,17060.0,0.8945,1311.0,14350.0,14700.0,
KR,00104K,CJ4우(전환),청산,,126600.0,127500.0,132000.0,0.9659,5140.0,123200.0,123400.0,
KR,460860,동국제강,청산,,10320.0,10440.0,10790.0,0.9676,436.0,10050.0,10080.0,
KR,284740,쿠쿠홈시스,청산,,23000.0,23400.0,23900.0,0.9791,585.0,23000.0,23000.0,
KR,019170,신풍제약,관심,,10020.0,10510.0,10140.0,1.0365,606.0,9910.0,9750.0,
KR,484870,엠앤씨솔루션,관심,,17930.0,19150.0,18770.0,1.0202,1539.0,17910.0,16850.0,
KR,448730,삼성FN리츠,청산,,5280.0,5370.0,5400.0,0.9944,195.0,5210.0,5210.0,
KR,003545,대신증권우,관심,,20550.0,20700.0,20700.0,1.0,327.5,20450.0,20350.0,
KR,004690,삼천리,관심,,136900.0,137500.0,138400.0,0.9935,3210.0,135000.0,131700.0,
KR,145990,삼양사,관심,,47750.0,48350.0,48400.0,0.999,975.0,47300.0,46800.0,
KR,004710,한솔테크닉스,청산,,8850.0,8960.0,9480.0,0.9451,756.0,8360.0,8370.0,
KR,090435,아모레퍼시픽우,청산,,44400.0,44550.0,46750.0,0.9529,1510.0,43250.0,43300.0,
KR,008060,대덕,청산,,14540.0,14570.0,14940.0,0.9752,1079.0,14310.0,14310.0,
KR,034310,NICE,청산,,12410.0,12740.0,13040.0,0.977,423.0,12400.0,12510.0,
KR,003030,세아제강지주,관심,,107100.0,108000.0,108600.0,0.9945,3990.0,104300.0,103800.0,
KR,130660,한전산업,관심,,13570.0,14460.0,14400.0,1.0042,837.0,13100.0,12960.0,
KR,005945,NH투자증권우,청산,,23250.0,23300.0,23600.0,0.9873,365.0,23000.0,23050.0,
KR,072710,농심홀딩스,관심,,93800.0,93800.0,94500.0,0.9926,1530.0,92300.0,91700.0,
KR,016610,DB증권,관심,,10120.0,10200.0,10190.0,1.001,251.0,9980.0,9900.0,
KR,306200,세아제강,진입,,150600.0,150600.0,150300.0,1.002,5690.0,145100.0,144100.0,
KR,192650,드림텍,관심,,6390.0,6790.0,6570.0,1.0335,427.0,6130.0,6050.0,
KR,014830,유니드,청산,,62900.0,63700.0,66000.0,0.9652,2065.0,61600.0,62800.0,
KR,005389,현대차3우B,청산,,178500.0,180800.0,184100.0,0.9821,4210.0,178000.0,179200.0,
KR,403550,쏘카,청산,,10580.0,11130.0,11430.0,0.9738,357.0,10530.0,10620.0,
KR,271940,일진하이솔루스,청산,,10960.0,11420.0,12250.0,0.9322,629.0,10960.0,11000.0,
KR,357120,코람코라이프인프라리츠,청산,,4105.0,4110.0,4150.0,0.9904,109.0,4010.0,4040.0,
KR,002810,삼영무역,청산,,21800.0,22150.0,22300.0,0.9933,530.0,21550.0,21600.0,
KR,003000,부광약품,청산,,3970.0,4095.0,4195.0,0.9762,219.0,3930.0,4025.0,
KR,006220,제주은행,진입,,10350.0,10460.0,10310.0,1.0145,351.0,10130.0,9900.0,
KR,950210,프레스티지바이오파마,청산,,6190.0,6400.0,6570.0,0.9741,351.0,6130.0,6150.0,
KR,031430,신세계인터내셔날,관심,,10540.0,10560.0,10610.0,0.9953,274.0,10340.0,10250.0,
KR,105630,한세실업,청산,,9080.0,9120.0,9220.0,0.9892,180.0,8850.0,8950.0,
KR,060980,HL홀딩스,관심,,39900.0,40350.0,40600.0,0.9938,980.0,39400.0,39250.0,
KR,170900,동아에스티,청산,,36250.0,36400.0,37200.0,0.9785,840.0,35600.0,35700.0,
KR,015860,일진홀딩스,관심,,6840.0,6970.0,6930.0,1.0058,219.0,6760.0,6640.0,
KR,006405,삼성SDI우,청산,,217000.0,220000.0,225500.0,0.9756,11000.0,211000.0,213500.0,
KR,012030,DB,관심,,1649.0,1715.0,1700.0,1.0088,105.9,1618.0,1546.0,
KR,020000,한섬,청산,,15310.0,15440.0,15760.0,0.9797,347.0,15150.0,15150.0,
KR,097520,엠씨넥스,관심,,18940.0,19210.0,19380.0,0.9912,647.0,18920.0,18600.0,
KR,011930,신성이엔지,청산,,16180.0,16580.0,16830.0,0.9851,649.0,16000.0,16110.0,
KR,002020,코오롱,청산,,25400.0,25400.0,26300.0,0.9658,875.0,25050.0,25050.0,
KR,381970,케이카,관심,,6530.0,6680.0,6600.0,1.0121,173.0,6470.0,6310.0,
KR,145720,덴티움,청산,,37850.0,37900.0,38450.0,0.9857,980.0,36650.0,36750.0,
KR,026890,스틱인베스트먼트,관심,,8450.0,8600.0,8580.0,1.0023,191.0,8430.0,8290.0,
KR,001230,동국홀딩스,관심,,2075.0,2090.0,2090.0,1.0,82.6,2015.0,1952.0,
KR,009290,광동제약,관심,,6340.0,6360.0,6410.0,0.9922,151.0,6280.0,6260.0,
KR,123890,한국자산신탁,청산,,2530.0,2540.0,2665.0,0.9531,61.5,2500.0,2500.0,
KR,272450,진에어,청산,,5930.0,6040.0,6600.0,0.9152,263.0,5930.0,5930.0,
KR,016800,퍼시스,청산,,27450.0,27800.0,27950.0,0.9946,840.0,26800.0,27050.0,
KR,108670,LX하우시스,청산,,34450.0,34700.0,36000.0,0.9639,1130.0,34050.0,34150.0,
KR,018250,애경산업,청산,,11500.0,11530.0,11770.0,0.9796,364.0,11370.0,11410.0,
KR,034830,한국토지신탁,관심,,1199.0,1199.0,1203.0,0.9967,31.3,1181.0,1113.0,
KR,000430,대원강업,관심,,4825.0,4880.0,4880.0,1.0,187.0,4700.0,4505.0,
KR,005720,넥센,청산,,5670.0,5890.0,6050.0,0.9736,177.0,5640.0,5680.0,
KR,005950,이수화학,청산,,11360.0,11690.0,12240.0,0.9551,684.0,11350.0,11390.0,
KR,001390,KG케미칼,관심,,4490.0,4515.0,4555.0,0.9912,97.0,4450.0,4440.0,
KR,058430,포스코스틸리온,관심,,4865.0,4900.0,4900.0,1.0,208.5,4740.0,4710.0,
KR,010955,S-Oil우,청산,,71900.0,73000.0,78600.0,0.9288,3660.0,70100.0,72000.0,
KR,084690,대상홀딩스,청산,,7960.0,7980.0,8080.0,0.9876,160.0,7850.0,7910.0,
KR,091810,트리니티항공,청산,,2720.0,2750.0,2850.0,0.9649,128.5,2700.0,2700.0,
KR,017390,서울가스,관심,,56700.0,58500.0,57400.0,1.0192,1220.0,56500.0,55300.0,
KR,010690,화신,청산,,7700.0,7760.0,7900.0,0.9823,270.0,7650.0,7650.0,
KR,122900,아이마켓코리아,관심,,8160.0,8200.0,8220.0,0.9976,134.0,8110.0,7850.0,
KR,037710,광주신세계,관심,,35450.0,35900.0,36250.0,0.9903,920.0,35350.0,35000.0,
KR,004360,세방,관심,,13650.0,13730.0,13800.0,0.9949,235.0,13450.0,13340.0,
KR,007160,사조산업,관심,,51300.0,51400.0,51600.0,0.9961,1445.0,50000.0,49500.0,50900.0
KR,005680,삼영전자,관심,,12320.0,12510.0,12400.0,1.0089,304.0,12000.0,11970.0,
KR,005500,삼진제약,청산,,18440.0,18570.0,18890.0,0.9831,382.0,18300.0,18390.0,
KR,432320,KB스타리츠,관심,,1588.0,1592.0,1595.0,0.9981,38.5,1535.0,1498.0,
KR,001790,대한제당,청산,,2830.0,2850.0,2925.0,0.9744,55.5,2795.0,2815.0,
KR,001460,BYC,관심,,38050.0,38300.0,38450.0,0.9961,1145.0,37350.0,36300.0,
KR,0030R0,대신밸류리츠,청산,,3825.0,3895.0,3975.0,0.9799,83.5,3750.0,3830.0,
KR,348950,제이알글로벌리츠,청산,,1182.0,0.0,0.0,,1182.0,0.0,0.0,
KR,000490,대동,청산,,8110.0,8200.0,8500.0,0.9647,355.5,7920.0,7990.0,
KR,900140,엘브이엠씨홀딩스,청산,,1190.0,1205.0,1222.0,0.9861,29.5,1181.0,1181.0,
KR,404990,신한서부티엔디리츠,청산,,3680.0,3800.0,3995.0,0.9512,155.0,3535.0,3775.0,
KR,044450,KSS해운,청산,,10120.0,10300.0,10440.0,0.9866,269.0,10030.0,10030.0,
KR,001470,삼부토건,청산,,5820.0,0.0,0.0,,4656.0,0.0,0.0,
KR,009680,모토닉,관심,,10420.0,10490.0,10420.0,1.0067,164.0,10250.0,10180.0,
KR,475560,더본코리아,청산,,15100.0,15260.0,16740.0,0.9116,736.0,14920.0,15070.0,
KR,03473K,SK우,청산,,399000.0,405500.0,440000.0,0.9216,22300.0,391500.0,400500.0,
KR,001340,PKC,청산,,4990.0,5110.0,5200.0,0.9827,148.5,4980.0,5010.0,
KR,226320,잇츠한불,관심,,10410.0,10640.0,10650.0,0.9991,333.0,10110.0,10090.0,
KR,000050,경방,관심,,8190.0,8190.0,8250.0,0.9927,164.0,8110.0,7990.0,
KR,000320,노루홀딩스,청산,,16670.0,16820.0,17340.0,0.97,460.0,16510.0,16680.0,
KR,034120,SBS,청산,,12050.0,12120.0,12260.0,0.9886,157.0,12000.0,12020.0,
KR,001250,GS글로벌,관심,,2650.0,2695.0,2720.0,0.9908,80.0,2615.0,2595.0,
KR,134380,미원화학,청산,,9950.0,10120.0,10500.0,0.9638,142.0,9950.0,10000.0,
KR,051905,LG생활건강우,청산,,103500.0,106000.0,106200.0,0.9981,3030.0,102800.0,102800.0,
KR,298000,효성화학,청산,,55300.0,57900.0,61500.0,0.9415,3150.0,54200.0,54700.0,
KR,003720,삼영,관심,,6190.0,6350.0,6260.0,1.0144,263.0,6020.0,5940.0,
KR,000480,CR홀딩스,청산,,4485.0,4505.0,4560.0,0.9879,91.5,4350.0,4400.0,
KR,011500,한농화성,청산,,13130.0,13370.0,13840.0,0.966,677.0,13010.0,13010.0,
KR,000650,천일고속,청산,,143300.0,145600.0,148600.0,0.9798,5190.0,141400.0,141600.0,
KR,088260,이리츠코크렙,관심,,3200.0,3200.0,3230.0,0.9907,82.5,3160.0,3135.0,
KR,013580,계룡건설,관심,,22950.0,23250.0,22950.0,1.0131,1035.0,22050.0,21700.0,
KR,003555,LG우,청산,,68000.0,69500.0,72000.0,0.9653,1560.0,67500.0,69000.0,
KR,028100,동아지질,관심,,18010.0,18280.0,18190.0,1.0049,452.0,17820.0,17520.0,
KR,100250,진양홀딩스,청산,,3135.0,3150.0,3200.0,0.9844,39.5,3120.0,3130.0,
KR,377190,디앤디플랫폼리츠,관심,,2205.0,2205.0,2215.0,0.9955,42.5,2165.0,2150.0,
KR,039570,HDC랩스,관심,,7580.0,7650.0,7650.0,1.0,114.0,7550.0,7520.0,7640.0
KR,001130,대한제분,청산,,11580.0,11580.0,11790.0,0.9822,241.0,11300.0,11370.0,
KR,001630,종근당홀딩스,청산,,38850.0,39000.0,39500.0,0.9873,475.0,38650.0,38650.0,
KR,003520,영진약품,청산,,1050.0,1073.0,1134.0,0.9462,36.6,1042.0,1054.0,
KR,102260,동성케미컬,관심,,3750.0,3775.0,3805.0,0.9921,88.5,3715.0,3620.0,
KR,003547,대신증권2우B,관심,,19700.0,19720.0,19840.0,0.994,294.0,19510.0,19500.0,
KR,095570,AJ네트웍스,청산,,4170.0,4180.0,4305.0,0.971,104.5,4130.0,4140.0,
KR,000140,하이트진로홀딩스,청산,,8000.0,8090.0,8140.0,0.9939,135.0,7980.0,7980.0,
KR,102460,이연제약,관심,,10040.0,10080.0,10110.0,0.997,187.0,9980.0,9850.0,
KR,000390,SP삼화,관심,,6650.0,6720.0,6780.0,0.9912,210.0,6550.0,6490.0,
KR,213500,한솔제지,관심,,7560.0,7630.0,7640.0,0.9987,129.0,7500.0,7480.0,
KR,004560,현대비앤지스틸,관심,,11980.0,12070.0,12030.0,1.0033,409.0,11720.0,11590.0,
KR,234080,JW생명과학,청산,,11000.0,11025.0,11280.0,0.9774,158.0,10910.0,10920.0,
KR,003220,대원제약,청산,,7970.0,8030.0,8100.0,0.9914,283.0,7890.0,7900.0,
KR,000300,DH오토넥스,청산,,4200.0,0.0,0.0,,4200.0,0.0,0.0,
KR,003460,유화증권,관심,,3055.0,3070.0,3090.0,0.9935,51.5,3045.0,3000.0,
KR,002420,우양피앤엘,청산,,5490.0,5700.0,6090.0,0.936,254.0,5440.0,5580.0,
KR,241590,화승엔터프라이즈,청산,,2835.0,2885.0,2960.0,0.9747,106.0,2750.0,2805.0,
KR,025560,미래산업,청산,,5950.0,6000.0,6530.0,0.9188,326.0,5820.0,5850.0,
KR,000860,강남제비스코,청산,,12640.0,12740.0,13100.0,0.9725,319.0,12410.0,12480.0,
KR,101530,해태제과식품,관심,,5580.0,5650.0,5650.0,1.0,101.0,5560.0,5500.0,
KR,090350,노루페인트,관심,,8040.0,8060.0,8120.0,0.9926,130.5,7990.0,7950.0,
KR,004380,삼익THK,청산,,7690.0,7990.0,8350.0,0.9569,285.0,7660.0,7730.0,
KR,006805,미래에셋증권우,청산,,11800.0,12020.0,12460.0,0.9647,413.0,11730.0,11770.0,
KR,400760,NH올원리츠,관심,,2815.0,2820.0,2815.0,1.0018,45.5,2775.0,2770.0,
KR,462520,조선내화,청산,,12810.0,12990.0,13090.0,0.9924,188.0,12700.0,12800.0,13110.0
KR,011785,금호석유화학우,청산,,51600.0,51800.0,52800.0,0.9811,1090.0,51300.0,51500.0,
KR,001780,알루코,관심,,1604.0,1624.0,1631.0,0.9957,39.4,1590.0,1582.0,
KR,001210,금호전기,청산,,12450.0,12700.0,13490.0,0.9414,1594.0,11410.0,11500.0,
KR,001045,CJ우,청산,,67900.0,68400.0,72000.0,0.95,1650.0,67400.0,67900.0,
KR,000970,한국주철관,청산,,6660.0,6690.0,6720.0,0.9955,88.0,6580.0,6600.0,
KR,003830,대한화섬,청산,,114200.0,115300.0,118900.0,0.9697,4020.0,110500.0,112000.0,
KR,293480,하나제약,청산,,8410.0,8450.0,8530.0,0.9906,146.0,8340.0,8350.0,
KR,272550,삼양패키징,관심,,9870.0,9930.0,9980.0,0.995,164.0,9840.0,9760.0,
KR,271980,제일약품,청산,,10100.0,10220.0,10710.0,0.9542,841.0,9880.0,10120.0,
KR,004150,한솔홀딩스,관심,,3575.0,3580.0,3585.0,0.9986,94.5,3500.0,3460.0,
KR,025820,이구산업,청산,,4350.0,4390.0,4700.0,0.934,189.5,4280.0,4360.0,
KR,000020,동화약품,청산,,5170.0,5200.0,5300.0,0.9811,113.0,5080.0,5110.0,
KR,015890,태경산업,진입,,4860.0,4895.0,4855.0,1.0082,70.0,4795.0,4730.0,
KR,001080,만호제강,관심,,4000.0,4080.0,4100.0,0.9951,133.0,3980.0,3925.0,
KR,107590,미원홀딩스,청산,,62200.0,62300.0,64100.0,0.9719,980.0,62200.0,62200.0,
KR,094280,효성ITX,관심,,12040.0,12070.0,12120.0,0.9959,157.0,11970.0,11800.0,
KR,008350,남선알미늄,관심,,1069.0,1138.0,1078.0,1.0557,36.4,1047.0,1038.0,
KR,006060,화승인더,청산,,2405.0,2410.0,2495.0,0.9659,45.5,2385.0,2390.0,
KR,267290,경동도시가스,관심,,22200.0,22400.0,22400.0,1.0,430.0,22000.0,21700.0,
KR,004080,신흥,관심,,14000.0,14090.0,14160.0,0.9951,133.0,13880.0,13810.0,
KR,012610,경인양행,청산,,3125.0,3160.0,3205.0,0.986,71.0,3105.0,3110.0,
KR,214390,경보제약,청산,,5410.0,5550.0,5610.0,0.9893,275.0,5320.0,5350.0,
KR,001360,삼성제약,청산,,1374.0,1382.0,1387.0,0.9964,51.9,1280.0,1305.0,
KR,037560,LG헬로비전,진입,,1663.0,1665.0,1658.0,1.0042,31.0,1636.0,1621.0,
KR,009270,신원,청산,,1105.0,1123.0,1196.0,0.939,43.5,1092.0,1095.0,
KR,214420,토니모리,관심,,5200.0,5520.0,5380.0,1.026,212.0,5060.0,5030.0,
KR,089470,HDC현대EP,관심,,3940.0,3970.0,3970.0,1.0,91.0,3855.0,3825.0,
KR,210540,디와이파워,청산,,11280.0,11370.0,11700.0,0.9718,272.0,11170.0,11180.0,
KR,079430,현대리바트,청산,,5900.0,5990.0,6090.0,0.9836,118.5,5850.0,5870.0,
KR,248170,샘표식품,관심,,25700.0,36200.0,30150.0,1.2007,2225.0,25400.0,22700.0,
KR,018470,조일알미늄,청산,,4655.0,5450.0,4865.0,1.1202,86.5,4585.0,4865.0,
KR,017550,수산세보틱스,관심,,1873.0,1910.0,1920.0,0.9948,72.2,1858.0,1855.0,
KR,034590,인천도시가스,관심,,26700.0,26750.0,26750.0,1.0,210.0,26550.0,26450.0,
KR,013570,디와이,청산,,4340.0,4400.0,4490.0,0.98,105.0,4275.0,4280.0,
KR,008040,사조동아원,청산,,7950.0,8480.0,9030.0,0.9391,758.0,7370.0,8130.0,
KR,012320,경동인베스트,청산,,46900.0,47000.0,47900.0,0.9812,1605.0,46000.0,46000.0,
KR,023450,동남합성,관심,,31450.0,31750.0,31900.0,0.9953,720.0,31400.0,31300.0,
KR,011810,STX,청산,,3530.0,0.0,0.0,,3530.0,0.0,0.0,
KR,010100,한국무브넥스,청산,,3515.0,3550.0,3615.0,0.982,101.5,3445.0,3450.0,
KR,012800,대창,관심,,1197.0,1221.0,1209.0,1.0099,30.9,1180.0,1174.0,
KR,014580,태경비케이,청산,,3820.0,3830.0,3850.0,0.9948,72.0,3750.0,3755.0,
KR,120030,조선선재,청산,,83800.0,83800.0,84400.0,0.9929,1310.0,82400.0,82500.0,
KR,027970,한국제지,관심,,2745.0,2760.0,2765.0,0.9982,81.0,2675.0,2640.0,
KR,092220,KEC,청산,,2575.0,2615.0,2775.0,0.9423,141.5,2540.0,2555.0,
KR,002450,삼익악기,청산,,1131.0,1133.0,1175.0,0.9643,21.8,1120.0,1120.0,
KR,006840,AK홀딩스,청산,,7710.0,7720.0,8010.0,0.9638,265.0,7570.0,7580.0,
KR,004100,태양금속,관심,,2780.0,2875.0,2865.0,1.0035,103.0,2770.0,2755.0,
KR,264900,크라운제과,청산,,8050.0,8090.0,8150.0,0.9926,99.0,8000.0,8000.0,
KR,006660,삼성공조,청산,,12420.0,12880.0,13590.0,0.9478,634.0,12330.0,12580.0,
KR,013700,까뮤이앤씨,청산,,1681.0,1695.0,1708.0,0.9924,120.1,1606.0,1610.0,
KR,119650,KC코트렐,청산,,918.0,0.0,0.0,,918.0,0.0,0.0,
KR,067830,세이브존I&C,관심,,2400.0,2405.0,2425.0,0.9918,59.5,2380.0,2320.0,
KR,012200,계양전기,청산,,3575.0,3625.0,3740.0,0.9693,179.0,3405.0,3460.0,
KR,363280,티와이홀딩스,관심,,2130.0,2140.0,2140.0,1.0,65.5,2085.0,2000.0,
KR,417310,코람코더원리츠,관심,,2375.0,2380.0,2375.0,1.0021,15.0,2370.0,2365.0,
KR,008260,NI스틸,청산,,3370.0,3430.0,3525.0,0.973,141.0,3355.0,3395.0,
KR,008700,아남전자,청산,,1245.0,1294.0,1303.0,0.9931,44.2,1243.0,1250.0,
KR,002200,한국수출포장,관심,,2875.0,2890.0,2885.0,1.0017,72.5,2820.0,2655.0,
KR,014790,HL D&I,청산,,2530.0,2540.0,2615.0,0.9713,90.0,2485.0,2490.0,
KR,001275,부국증권우,관심,,30250.0,30250.0,30450.0,0.9934,175.0,30250.0,30050.0,30150.0
KR,023000,삼원강재,관심,,2230.0,2235.0,2245.0,0.9955,42.5,2205.0,2170.0,
KR,058860,KTis,청산,,2555.0,2565.0,2595.0,0.9884,30.0,2540.0,2545.0,
KR,004140,동방,관심,,1797.0,1819.0,1837.0,0.9902,42.4,1784.0,1778.0,
KR,33626K,두산퓨얼셀1우,청산,,6420.0,6540.0,7370.0,0.8874,545.0,6250.0,6260.0,
KR,002220,한일철강,관심,,3185.0,3230.0,3205.0,1.0078,128.5,3135.0,3005.0,
KR,006090,사조오양,청산,,8970.0,8980.0,9190.0,0.9771,223.0,8760.0,8780.0,
KR,005740,크라운해태홀딩스,관심,,5660.0,5660.0,5710.0,0.9912,142.0,5600.0,5570.0,
KR,109070,주성코퍼레이션,청산,,1550.0,0.0,0.0,,1550.0,0.0,0.0,
KR,023800,인지컨트롤스,청산,,5110.0,5180.0,5410.0,0.9575,136.0,5100.0,5110.0,
KR,007980,TP,관심,,1717.0,1725.0,1739.0,0.9919,29.1,1699.0,1682.0,
KR,004840,DRB동일,청산,,4055.0,4055.0,4085.0,0.9927,86.0,4020.0,4030.0,
KR,001020,페이퍼코리아,청산,,2240.0,2315.0,2705.0,0.8558,203.5,2240.0,2320.0,
KR,013360,일성건설,청산,,1443.0,1476.0,1555.0,0.9492,62.7,1423.0,1430.0,
KR,007590,동방아그로,관심,,5600.0,5600.0,5650.0,0.9912,55.0,5550.0,5540.0,5620.0
KR,210980,SK디앤디,관심,,4090.0,4790.0,4800.0,0.9979,584.3,4025.0,3720.0,
KR,000590,CS홀딩스,관심,,66500.0,67700.0,68100.0,0.9941,1420.0,65800.0,65600.0,
KR,055490,테이팩스,청산,,15640.0,15920.0,17700.0,0.8994,865.0,15170.0,15630.0,
KR,084680,이월드,청산,,532.0,0.0,563.0,0.0,144.6,0.0,0.0,
KR,095720,웅진씽크빅,청산,,1308.0,1390.0,1359.0,1.0228,45.0,1282.0,1294.0,
KR,014160,대영포장,청산,,671.0,678.0,705.0,0.9617,23.1,664.0,671.0,
KR,013870,지엠비코리아,청산,,3815.0,3840.0,3970.0,0.9673,87.5,3780.0,3785.0,
KR,011150,CJ씨푸드,관심,,2005.0,2030.0,2030.0,1.0,36.3,1996.0,1986.0,
KR,000180,성창기업지주,청산,,5120.0,5140.0,5270.0,0.9753,115.0,5030.0,5060.0,
KR,120115,코오롱인더우,관심,,25500.0,25650.0,25700.0,0.9981,600.0,24850.0,24750.0,
KR,002720,국제약품,관심,,3305.0,3450.0,3430.0,1.0058,114.5,3260.0,3245.0,
KR,001560,제일연마,청산,,8990.0,9120.0,9610.0,0.949,198.0,8900.0,9110.0,
KR,085310,엔케이,청산,,9170.0,9250.0,9400.0,0.984,318.0,8950.0,8950.0,
KR,214330,금호에이치티,청산,,6500.0,6560.0,7550.0,0.8689,547.0,6170.0,6180.0,
KR,002700,신일전자,청산,,983.0,991.0,1003.0,0.988,15.0,976.0,979.0,
KR,079980,휴비스,청산,,1952.0,1977.0,2045.0,0.9667,49.5,1923.0,1934.0,
KR,010040,한국내화,청산,,1607.0,1607.0,1699.0,0.9459,72.7,1520.0,1580.0,
KR,058730,다스코,청산,,3315.0,3435.0,3890.0,0.883,300.0,3290.0,3360.0,
KR,004440,삼일씨엔에스,청산,,5150.0,5170.0,5460.0,0.9469,218.5,5020.0,5060.0,
KR,100220,비상교육,관심,,5020.0,5040.0,5030.0,1.002,115.0,4895.0,4810.0,
KR,016090,대현,청산,,1420.0,1420.0,1458.0,0.9739,19.2,1400.0,1415.0,
KR,005870,휴니드,관심,,4580.0,4600.0,4605.0,0.9989,154.5,4490.0,4370.0,
KR,068290,삼성출판사,관심,,6230.0,6340.0,6400.0,0.9906,143.0,6200.0,6190.0,
KR,009200,무림페이퍼,청산,,1487.0,1492.0,1542.0,0.9676,33.8,1465.0,1470.0,
KR,000220,유유제약,청산,,3855.0,3865.0,4530.0,0.8532,197.5,3820.0,3855.0,
KR,002760,보락,관심,,1013.0,1020.0,1023.0,0.9971,18.0,1004.0,996.0,
KR,111110,호전실업,관심,,6410.0,6450.0,6450.0,1.0,86.0,6340.0,6320.0,
KR,004450,삼화왕관,청산,,27300.0,27600.0,28900.0,0.955,1235.0,26250.0,26700.0,
KR,000725,현대건설우,청산,,55200.0,55900.0,58400.0,0.9572,1995.0,54000.0,54100.0,
KR,378850,화승알앤에이,관심,,2975.0,2985.0,3005.0,0.9933,80.0,2920.0,2910.0,
KR,092440,기신정기,청산,,1980.0,1993.0,2050.0,0.9722,46.5,1942.0,1943.0,
KR,396690,미래에셋글로벌리츠,청산,,1428.0,1450.0,1577.0,0.9195,45.1,1427.0,1439.0,
KR,129260,인터지스,관심,,1913.0,1929.0,1948.0,0.9902,27.2,1911.0,1900.0,
KR,001465,BYC우,관심,,26850.0,27200.0,27250.0,0.9982,570.0,26700.0,26000.0,
KR,075180,새론오토모티브,관심,,2960.0,2975.0,3000.0,0.9917,77.0,2910.0,2905.0,
KR,003475,유안타증권우,관심,,4365.0,4375.0,4400.0,0.9943,87.0,4340.0,4260.0,
KR,020760,일진디스플,청산,,902.0,0.0,0.0,,902.0,0.0,0.0,
KR,003925,남양유업우,청산,,29300.0,29500.0,30200.0,0.9768,630.0,28950.0,29200.0,
KR,001550,조비,청산,,10670.0,11100.0,11560.0,0.9602,530.0,10630.0,10630.0,
KR,090080,평화산업,관심,,1004.0,1009.0,1010.0,0.999,21.4,999.0,970.0,
KR,009190,대양금속,청산,,1250.0,1265.0,1375.0,0.92,84.1,1194.0,1247.0,
KR,024900,디와이덕양,관심,,1675.0,1719.0,1725.0,0.9965,33.5,1670.0,1667.0,
KR,002630,오리엔트바이오,청산,,913.0,0.0,0.0,,658.2,0.0,0.0,
KR,123700,SJM,관심,,3430.0,3435.0,3465.0,0.9913,70.0,3370.0,3360.0,3395.0
KR,28513K,SK케미칼우,관심,,25400.0,25500.0,25650.0,0.9942,935.0,24750.0,23850.0,
KR,011390,부산산업,청산,,50900.0,52800.0,53700.0,0.9832,3165.0,50300.0,50500.0,
KR,002410,범양건영,청산,,1935.0,0.0,0.0,,1935.0,0.0,0.0,
KR,372910,한컴라이프케어,관심,,1888.0,1915.0,1890.0,1.0132,50.3,1850.0,1831.0,
KR,007815,코리아써우,청산,,17800.0,18240.0,18900.0,0.9651,666.0,17640.0,18050.0,
KR,006125,SK디스커버리우,진입,,42400.0,43150.0,42200.0,1.0225,970.0,41900.0,41550.0,
KR,003780,진양산업,관심,,3935.0,3945.0,3945.0,1.0,76.0,3850.0,3845.0,
KR,005305,롯데칠성우,관심,,65900.0,66500.0,67000.0,0.9925,680.0,65700.0,65600.0,
KR,010770,평화홀딩스,청산,,3490.0,3545.0,3725.0,0.9517,90.0,3475.0,3485.0,
KR,101140,인바이오젠,청산,,5070.0,5500.0,5670.0,0.97,324.5,4755.0,5250.0,
KR,011230,삼화전자,진입,,2640.0,3100.0,2630.0,1.1787,152.3,2450.0,2490.0,
KR,007460,에이프로젠,청산,,2030.0,2055.0,2630.0,0.7814,140.8,1976.0,1980.0,
KR,084870,TBH글로벌,관심,,2370.0,2410.0,2380.0,1.0126,140.0,2275.0,2110.0,
KR,011000,진원생명과학,청산,,2670.0,0.0,0.0,,2670.0,0.0,0.0,
KR,002920,유성기업,관심,,1841.0,1877.0,1867.0,1.0054,52.4,1796.0,1754.0,
KR,001620,케이비아이동국실업,청산,,2140.0,2180.0,2295.0,0.9499,59.5,2135.0,2135.0,
KR,009320,아진전자부품,관심,,960.0,966.0,970.0,0.9959,25.4,949.0,912.0,
KR,004920,씨아이테크,청산,,907.0,0.0,937.0,0.0,291.9,0.0,0.0,
KR,041650,상신브레이크,청산,,2195.0,2225.0,2230.0,0.9978,36.0,2175.0,2180.0,2265.0
KR,357250,미래에셋맵스리츠,청산,,1840.0,1889.0,1919.0,0.9844,38.7,1821.0,1851.0,
KR,007110,일신석재,청산,,603.0,0.0,0.0,,445.9,0.0,0.0,
KR,069460,대호에이엘,청산,,2660.0,0.0,0.0,,2660.0,0.0,0.0,
KR,000910,유니온,관심,,2950.0,2990.0,3000.0,0.9967,70.5,2930.0,2865.0,
KR,008420,문배철강,청산,,2215.0,2245.0,2320.0,0.9677,96.0,2205.0,2215.0,
KR,014910,성문전자,청산,,2075.0,2140.0,2370.0,0.903,176.9,2045.0,2065.0,
KR,004910,조광페인트,청산,,3535.0,3645.0,3690.0,0.9878,109.5,3520.0,3520.0,
KR,481850,신한글로벌액티브리츠,청산,,979.0,980.0,989.0,0.9909,16.8,964.0,965.0,
KR,005030,부산주공,청산,,486.0,0.0,0.0,,486.0,0.0,0.0,
KR,074610,이엔플러스,청산,,5110.0,0.0,0.0,,5110.0,0.0,0.0,
KR,009835,한화솔루션우,관심,,17130.0,17370.0,17450.0,0.9954,457.0,17000.0,16700.0,
KR,023350,한국종합기술,청산,,4060.0,4120.0,4245.0,0.9706,146.5,3915.0,4010.0,
KR,011330,유니켐,관심,,4320.0,4595.0,4580.0,1.0033,203.0,4320.0,4180.0,
KR,011300,우성머티리얼스,관심,,2470.0,2660.0,2570.0,1.035,302.5,2425.0,2340.0,
KR,092780,DYP,청산,,3155.0,3235.0,3545.0,0.9126,155.0,3100.0,3130.0,
KR,017180,명문제약,청산,,1242.0,1272.0,1489.0,0.8543,107.0,1221.0,1226.0,
KR,019490,엑시큐어하이트론,청산,,541.0,0.0,0.0,,541.0,0.0,0.0,
KR,005320,온타이드,관심,,1203.0,1217.0,1225.0,0.9935,96.7,1171.0,1135.0,
KR,008870,금비,청산,,40750.0,40750.0,40850.0,0.9976,1310.0,38950.0,39600.0,
KR,017040,광명전기,청산,,932.0,0.0,0.0,,932.0,0.0,0.0,
KR,023960,에쓰씨엔지니어링,청산,,1040.0,1055.0,1104.0,0.9556,38.7,1020.0,1040.0,
KR,134790,시디즈,청산,,19210.0,19230.0,19960.0,0.9634,346.0,19080.0,19120.0,
KR,000760,이화산업,청산,,13900.0,13900.0,14860.0,0.9354,536.0,13810.0,13890.0,
KR,012280,영화금속,청산,,3775.0,3835.0,4100.0,0.9354,118.5,3765.0,3805.0,
KR,047400,유니온머티리얼,청산,,870.0,890.0,933.0,0.9539,30.1,855.0,887.0,
KR,000890,보해양조,청산,,1357.0,1370.0,1457.0,0.9403,95.5,1342.0,1345.0,
KR,006370,대구백화점,청산,,3200.0,3330.0,3715.0,0.8964,207.5,3185.0,3215.0,
KR,012160,영흥,청산,,2215.0,2250.0,2520.0,0.8929,135.5,2185.0,2200.0,
KR,004365,세방우,청산,,9300.0,9350.0,9490.0,0.9852,164.0,9220.0,9240.0,9360.0
KR,143210,핸즈코퍼레이션,청산,,1199.0,0.0,0.0,,1199.0,0.0,0.0,
KR,090370,메타랩스,청산,,1219.0,1247.0,1333.0,0.9355,130.4,1186.0,1190.0,
KR,002880,디와이에이,청산,,3525.0,4185.0,3765.0,1.1116,66.0,3525.0,3765.0,
KR,009460,한창제지,청산,,2660.0,2700.0,2950.0,0.9153,119.5,2580.0,2660.0,
KR,010400,우진아이엔에스,청산,,4225.0,4330.0,4580.0,0.9454,295.0,4080.0,4115.0,
KR,005820,원림,청산,,14160.0,14730.0,15680.0,0.9394,504.0,14000.0,14650.0,
KR,014130,한익스프레스,관심,,2625.0,2630.0,2635.0,0.9981,72.0,2590.0,2470.0,
KR,001070,대한방직,청산,,5960.0,6000.0,6170.0,0.9724,184.0,5820.0,5890.0,
KR,006570,대림통상,청산,,1995.0,1998.0,2050.0,0.9746,117.2,1900.0,1900.0,
KR,003680,한성기업,청산,,4900.0,5110.0,4950.0,1.0323,200.5,4710.0,4725.0,
KR,023150,MH에탄올,관심,,4140.0,4350.0,4300.0,1.0116,123.5,4140.0,4080.0,
KR,006740,블루산업개발,청산,,5140.0,5190.0,5380.0,0.9647,174.0,5020.0,5080.0,
KR,357430,마스턴프리미어리츠,청산,,955.0,976.0,1010.0,0.9663,29.0,950.0,974.0,
KR,088790,진도,청산,,2275.0,2375.0,2415.0,0.9834,157.0,2225.0,2230.0,
KR,033250,체시스,청산,,4280.0,4470.0,4945.0,0.9039,298.0,4115.0,4235.0,
KR,005110,한창,청산,,1254.0,0.0,0.0,,1254.0,0.0,0.0,
KR,002355,넥센타이어1우B,관심,,3950.0,3950.0,3950.0,1.0,37.0,3930.0,3875.0,
KR,006345,대원전선우,청산,,9820.0,10000.0,10300.0,0.9709,403.0,9740.0,9770.0,
KR,003495,대한항공우,청산,,21700.0,21850.0,22500.0,0.9711,390.0,21500.0,21600.0,
KR,33626L,두산퓨얼셀2우B,청산,,7600.0,7740.0,8970.0,0.8629,559.0,7500.0,7560.0,
KR,009310,참엔지니어링,청산,,5330.0,0.0,0.0,,5330.0,0.0,0.0,
KR,004270,남성,관심,,5110.0,5200.0,5150.0,1.0097,96.5,5050.0,4905.0,
KR,012170,아센디오,청산,,2900.0,2995.0,3385.0,0.8848,365.0,2850.0,2850.0,
KR,000040,KR모터스,청산,,1152.0,1172.0,1439.0,0.8145,210.5,1082.0,1139.0,
KR,008775,호텔신라우,관심,,28850.0,29100.0,29300.0,0.9932,355.0,28800.0,28650.0,
KR,006380,카프로,청산,,120.0,170.0,340.0,0.5,2566.0,113.0,133.0,
KR,015020,이스타코,청산,,928.0,0.0,0.0,,928.0,0.0,0.0,
KR,108675,LX하우시스우,청산,,18830.0,18890.0,19250.0,0.9813,397.0,18560.0,18710.0,
KR,008600,윌비스,청산,,2620.0,0.0,0.0,,2620.0,0.0,0.0,
KR,009440,KC그린홀딩스,청산,,756.0,0.0,0.0,,756.0,0.0,0.0,
KR,011090,에넥스,관심,,1461.0,1530.0,1494.0,1.0241,371.7,1264.0,1250.0,
KR,006200,한국전자홀딩스,진입,,1830.0,1838.0,1825.0,1.0071,94.3,1770.0,1702.0,
KR,18064K,한진칼우,청산,,30800.0,31000.0,32850.0,0.9437,1700.0,28550.0,30050.0,
KR,005725,넥센우,관심,,4325.0,4325.0,4335.0,0.9977,34.0,4325.0,4300.0,
KR,002025,코오롱우,관심,,13450.0,13460.0,13530.0,0.9948,383.0,13240.0,13010.0,
KR,45226K,한화갤러리아우,관심,,4380.0,4380.0,4400.0,0.9955,124.5,4105.0,4040.0,
KR,001795,대한제당우,관심,,2155.0,2185.0,2205.0,0.9909,35.5,2150.0,2140.0,
KR,00806K,대덕1우,청산,,10630.0,10670.0,10980.0,0.9718,274.0,10400.0,10450.0,
KR,145995,삼양사우,관심,,32700.0,33850.0,33750.0,1.003,830.0,32600.0,31100.0,
KR,084695,대상홀딩스우,관심,,12510.0,12510.0,12590.0,0.9936,253.0,12450.0,12310.0,
KR,004105,태양금속우,관심,,3455.0,3455.0,3460.0,0.9986,130.0,3400.0,3310.0,
KR,001770,SHD,청산,,9250.0,10150.0,16390.0,0.6193,2367.0,9010.0,10050.0,
KR,00781K,코리아써키트2우B,진입,,14250.0,14280.0,14200.0,1.0056,291.0,13710.0,13680.0,
KR,001067,JW중외제약2우B,청산,,48700.0,48700.0,50300.0,0.9682,865.0,47600.0,48500.0,
KR,004255,NPC우,청산,,1871.0,1905.0,1898.0,1.0037,35.0,1839.0,1851.0,
KR,145210,다이나믹디자인,청산,,2240.0,0.0,0.0,,2240.0,0.0,0.0,
KR,33637L,솔루스첨단소재2우B,청산,,2315.0,2470.0,2320.0,1.0647,90.5,2210.0,2240.0,
KR,001755,한양증권우,관심,,19340.0,19400.0,19500.0,0.9949,365.0,19140.0,18700.0,
KR,044380,주연테크,청산,,604.0,677.0,1109.0,0.6105,138.7,560.0,673.0,
KR,001515,SK증권우,청산,,4045.0,4045.0,4255.0,0.9506,101.0,3965.0,4035.0,
KR,000225,유유제약1우,청산,,3660.0,3685.0,4045.0,0.911,141.5,3630.0,3630.0,
KR,001065,JW중외제약우,청산,,22500.0,22500.0,22800.0,0.9868,435.0,21550.0,21950.0,
KR,012205,계양전기우,청산,,5250.0,5270.0,5310.0,0.9925,194.0,5080.0,5100.0,
KR,000545,흥국화재우,관심,,5820.0,5820.0,5830.0,0.9983,302.0,5650.0,5570.0,
KR,002995,금호건설우,관심,,19740.0,20700.0,20700.0,1.0,1033.0,18820.0,18720.0,
KR,090355,노루페인트우,청산,,11900.0,11900.0,12000.0,0.9917,185.0,11800.0,11800.0,
KR,000145,하이트진로홀딩스우,관심,,9250.0,9270.0,9300.0,0.9968,128.0,9250.0,9100.0,
KR,009415,태영건설우,청산,,6400.0,6400.0,6520.0,0.9816,220.0,6220.0,6220.0,
KR,005965,동부건설우,관심,,17290.0,17360.0,17450.0,0.9948,246.0,17210.0,17080.0,
KR,36328K,티와이홀딩스우,관심,,2805.0,2855.0,2850.0,1.0018,156.0,2700.0,2595.0,
KR,007575,일양약품우,관심,,7670.0,7670.0,7740.0,0.991,326.0,7560.0,7540.0,
KR,014285,금강공업우,청산,,5310.0,5700.0,5790.0,0.9845,217.0,5310.0,5350.0,
KR,014915,성문전자우,청산,,4780.0,4790.0,4865.0,0.9846,233.0,4750.0,4750.0,
KR,008355,남선알미우,청산,,6950.0,7200.0,7480.0,0.9626,279.0,6950.0,7110.0,
KR,001525,동양우,청산,,9150.0,9190.0,9200.0,0.9989,300.0,8600.0,8660.0,
KR,000227,유유제약2우B,청산,,7500.0,7600.0,7940.0,0.9572,360.0,7200.0,7250.0,
KR,001527,동양2우B,청산,,5750.0,5860.0,6260.0,0.9361,274.0,5570.0,5600.0,
KR,004545,깨끗한나라우,청산,,3905.0,3930.0,4200.0,0.9357,586.0,3900.0,3910.0,
KR,002785,진흥기업우B,관심,,13300.0,15900.0,14500.0,1.0966,2105.0,12000.0,0.0,
KR,004415,서울식품우,청산,,4860.0,4860.0,5900.0,0.8237,512.0,4700.0,4885.0,
KR,294870,IPARK현대산업개발,확정,23550.0,23500.0,23450.0,23500.0,0.9979,720.0,23050.0,22350.0,
KR,452260,한화갤러리아,확정,2355.0,2300.0,2345.0,2310.0,1.0152,139.9,2115.0,2005.0,
KR,000520,삼일제약,확정,6270.0,6250.0,6260.0,6240.0,1.0032,235.0,6110.0,6030.0,
KR,37550L,DL이앤씨2우(전환),확정,48550.0,48100.0,48500.0,48400.0,1.0021,1950.0,47300.0,45200.0,
KR,081000,일진다이아,확정,9680.0,9630.0,9600.0,9640.0,0.9959,349.0,9320.0,9240.0,
